transaction_id,transaction_time,product_name,quantity,unit_price,total_price,delivered_to_city 
339b9235-29bc-40c6-9266-07b87a364395,20220314 100023,Kellby,881,692.31,609925.11,Mumbai
a72f5b74-6129-4861-a684-66d2c0f6e46d,20220314 100023,Libna,884,576.85,509935.4,Chennai
fab5285a-ac90-4bfc-9ca7-450de89da9cd,20220314 100023,Toni,646,742.96,479952.16000000000,Mumbai
5188fe8f-7bb2-4a78-b63c-fc9ce8aef105,20220314 100023,Bertold,68,344.34,23415.12,Hyderabad
83ea904c-79ac-47d1-a1d6-775b13ff56af,20220314 100023,Jagir,427,673.65,287648.55,Hyderabad
08ee3ee1-8bf1-4921-9151-2377a1dadb84,20220314 100023,Seessel,947,995.16,942416.52,Chennai
9a8b65ec-197a-4cd5-a66f-89f3a8927b76,20220314 100023,Goldina,818,146.75,120041.5,Gurgaon
092789fc-1e64-4560-a327-15d0094c1252,20220314 100023,Virgin,663,604.57,400829.91000000000,Gurgaon
adb460e1-7b7a-49f4-86db-1c2043040907,20220314 100023,Obed,946,242.38,229291.48000000000,Kochi
6332adc1-9541-49f1-a5a0-72d25f82cb89,20220314 100023,Gaynor,200,360.5,72100,Kochi
a59401fb-4cee-4634-bdad-7d51f3b4a076,20220314 100023,Simmonds,164,57.51,9431.64,Bangalore
dee87465-f80e-438d-b5ad-1d5285c194e6,20220314 100023,Kinnard,126,913.17,115059.42,Mumbai
1b6d6f57-17f1-4331-8101-da55867a733a,20220314 100023,Verger,179,22.75,4072.25,Mumbai
fec839f3-e997-4ab4-a2d2-8e0dfc95b15b,20220314 100023,Charity,799,713.29,569918.71,Coorg
d0ce7f97-2958-40dd-ad77-197f312303b1,20220314 100023,Nadia,533,106.16,56583.28,Kochi
743a57d8-4add-412c-a265-a24ed3185f10,20220314 100023,Cleo,918,247.27,226993.86000000000,Bangalore
29c29931-0605-4a55-a74e-7966ab55a6aa,20220314 100023,Wilona,464,285.56,132499.84,Mumbai
56ff2d0e-1072-4fa1-b5c2-b51668220ec9,20220314 100023,Argus,864,848.58,733173.12,Chennai
5d8e2097-3976-43fc-84d6-8b3431bd5bb4,20220314 100023,Himelman,974,216.65,211017.1,Mumbai
7280d9cd-6c56-4adf-a9ce-9d194f68bc8a,20220314 100023,Rese,973,125.67,122276.91,Mumbai
08004772-60a6-4c52-9ada-85fac3b38bc9,20220314 100023,Hazlett,294,857.64,252146.16,Delhi
1beda05a-3171-41d5-af35-7c9b4fe025cc,20220314 100023,Rad,567,60.53,34320.51,Delhi
bf79c69f-eb8b-458c-8b0f-5b587bf79328,20220314 100023,Grayce,358,625,223750,Idukki
55a1d663-92a1-4978-879b-76d67ab8527a,20220314 100023,Morgun,119,752.42,89537.98,Chennai
3228ac2d-e729-4e0a-ac24-74d4c9fbc0f4,20220314 100023,August,107,709.01,75864.07000000000,Mumbai
8e927cda-490b-4e5c-a60f-6b6ffe11700c,20220314 100023,Maples,614,742.94,456165.16000000000,Gurgaon
1d523f65-b57e-4f19-9259-a9079a04d588,20220314 100023,Delacourt,101,368.05,37173.05,Mumbai
2a12b64d-c704-4297-b992-fa48e1d24e9c,20220314 100023,Wadell,209,552.47,115466.23000000000,Mumbai
aeebc12b-7e48-4ad1-a4b3-4d06dcd10a24,20220314 100023,Alcott,996,445.2,443419.2,Delhi
7107cbd1-7994-4677-912a-b5b6fb572497,20220314 100023,Klemperer,396,657.5,260370,Mumbai
6679e93e-dc5a-4ce0-a693-3796d25d8809,20220314 100023,Wilkinson,694,88.2,61210.8,Gurgaon
d7d4eb38-9b67-4b88-b3e8-ee4d928ca43e,20220314 100023,Candy,407,910.8,370695.6,Gurgaon
2e1a7258-72cc-42ed-ada0-ca4390f42f74,20220314 100023,Penelopa,724,659.41,477412.84000000000,Gurgaon
ebd2b4f8-7c76-4b9a-ad4b-36854a530d14,20220314 100023,Arquit,385,930.21,358130.85000000000,Mumbai
fd68c293-1242-417d-a6e9-975e4201c96a,20220314 100023,Lay,215,597.06,128367.9,Gurgaon
c31ff068-3c0a-44b0-9d6e-22c879a0450b,20220314 100023,Cleo,642,435.39,279520.38,Gurgaon
7cce17be-13d9-47d5-ace2-05e84fbc9dc1,20220314 100023,Fink,737,216.87,159833.19,Gurgaon
55692bc9-812c-4ce1-b303-3374b2869662,20220314 100023,Land,547,800.93,438108.71000000000,Bangalore
e152c272-2343-4748-bc6f-a53a280f734d,20220314 100023,Dielu,20,117.17,2343.4,Chennai
4b684e81-4551-470c-8352-2a4baf1ff85c,20220314 100023,Clie,565,903.13,510268.45,Hyderabad
08ae9721-f0c4-4366-aa08-367ba21c0645,20220314 100023,Si,7,568.97,3982.79,Idukki
c9749311-675a-4d04-b238-f9a20f0346a2,20220314 100023,Oster,802,615.64,493743.28000000000,Kochi
1a64b898-7657-40ec-a9bd-41e315d02754,20220314 100023,Torray,674,361.07,243361.18,Hyderabad
52d39d45-a1bc-409e-a884-f7e0d9ccb177,20220314 100023,Candy,97,454.29,44066.130000000000,Coorg
de852194-67e3-4d91-a437-fd441d42a950,20220314 100023,Zamora,333,293.83,97845.39,Hyderabad
17fcd97d-89b7-4856-a4e7-a116d4f7aed7,20220314 100023,Wenoa,237,262.66,62250.420000000000,Kochi
4924478e-ef97-49d1-8583-63dfd5a0c795,20220314 100023,Wilona,274,156.83,42971.420000000000,Gurgaon
b83ce369-baf2-436f-8bed-48fef6541bca,20220314 100023,Fennessy,644,815.87,525420.28,Delhi
2a203d1b-9397-4c70-8325-8179dff9373d,20220314 100023,Sabella,589,523.51,308347.39,Hyderabad
0c13c0cd-a4f8-4f73-afa8-f92e0cf2a3ac,20220314 100023,Rocray,503,696.66,350419.98,Hyderabad
8a9388a4-4a55-4fc5-813a-0fcace08f9d5,20220314 100023,Chaing,412,258.01,106300.12,Kochi
7c9107ae-6211-4d89-883d-09e6e9dda7d8,20220314 100023,Parsaye,426,181.15,77169.90000000000,Kochi
88d8c002-471b-4ae2-b4e5-d0fff5d1911f,20220314 100023,Blisse,669,106.02,70927.38000000000,Gurgaon
d07fa3af-04d6-4a99-80a5-30f5c5aacddd,20220314 100023,Rozanna,146,917.57,133965.22,Idukki
be6bbb14-553a-48be-972f-d6ed1a4a78f9,20220314 100023,Cullin,522,576.32,300839.04000000000,Mumbai
3cfdf784-d2fc-4801-b97f-1174ac5cbfb2,20220314 100023,Horan,348,503.59,175249.32000000000,Bangalore
b5aba37f-aeee-44d8-940e-8e660be322b9,20220314 100023,Baylor,701,155.33,108886.33,Chennai
f414a0b4-a463-45b6-8c47-613099e6228a,20220314 100023,Bibi,243,716.22,174041.46000000000,Bangalore
57fceee4-97b5-4d9f-b2cc-929da232f224,20220314 100023,Gordon,496,227.15,112666.40000000000,Idukki
f48fa227-6552-4db4-b4c1-ac9012a8c2ca,20220314 100023,Thomasina,327,374.56,122481.12,Gurgaon
8daa7bf3-6b6d-4c68-8886-c31060599d4d,20220314 100023,Lewes,936,921.04,862093.44,Chennai
355375b0-ec29-4a06-8883-4bab2c22e4ee,20220314 100023,Ventre,309,619.58,191450.22,Coorg
71a54609-17a6-4941-bf76-074b37e65507,20220314 100023,Hanshaw,865,165.55,143200.75,Chennai
1ab55cf0-34f8-40c2-8506-4d9c9ee12f67,20220314 100023,Berne,256,773.12,197918.72,Bangalore
f7b4bb31-8dc3-4732-8aa8-7a6e1a943c7d,20220314 100023,Grobe,278,119.78,33298.840000000000,Hyderabad
11a552f5-bb8d-4605-8309-e74bc45f1686,20220314 100023,Eugenia,160,259.77,41563.2,Chennai
64b18e09-00c3-470f-816b-84567513633e,20220314 100023,Albertine,782,129.33,101136.06000000000,Coorg
8e25a839-0779-49c8-837b-4aade86aeb4b,20220314 100023,Allys,735,780.89,573954.15,Gurgaon
dbd45df6-b35d-4a49-a174-68063eaada6e,20220314 100023,Bonilla,621,761.57,472934.97000000000,Idukki
1f877bec-0a00-494f-8923-2d634aa59682,20220314 100023,Niles,308,869.02,267658.16,Mumbai
0a5a9c16-1c76-4ef8-a0da-3f99715dcd28,20220314 100023,Liva,982,37.92,37237.44,Bangalore
d5457aae-be54-460f-9fb1-78cff3de9133,20220314 100023,Capello,366,616.53,225649.98000000000,Gurgaon
44ff613f-87b0-4ff4-b2b0-6e3fbf92ff2d,20220314 100023,Alrich,358,681.02,243805.16,Gurgaon
77819459-0124-4d0b-878f-0869ee100e03,20220314 100023,Karna,610,327.71,199903.10000000000,Gurgaon
04cb5b80-f9ec-4555-b560-3b622d2396fc,20220314 100023,Boycey,390,229.15,89368.5,Hyderabad
4a70575d-4bf7-46fa-8730-7982afcf095b,20220314 100023,Lanita,28,37.66,1054.48,Gurgaon
394295da-4f79-478e-91d2-52b6899270fc,20220314 100023,Whiffen,329,954.98,314188.42,Gurgaon
bba9c3db-2c77-4720-aa14-c291536578ce,20220314 100023,Waldron,988,366.56,362161.28,Kochi
8854bd1d-8861-4edd-bbd2-aac4c4284819,20220314 100023,Lanita,366,167.95,61469.7,Bangalore
47362471-8366-4fd5-905a-5231d8c6f948,20220314 100023,Wittie,938,621.43,582901.34,Idukki
c1e0dbff-814d-46dc-8691-20736293a9b8,20220314 100023,O'Rourke,500,801.65,400825,Hyderabad
779c193a-f9b9-4e13-959b-ffc15e5897b0,20220314 100023,Klemperer,325,797.36,259142,Bangalore
ab398886-f7a9-4be7-a35b-8a488fa7116d,20220314 100023,Paine,114,112.75,12853.5,Coorg
587a9b32-fada-4f95-8051-c6d689078fb1,20220314 100023,Alice,294,735.4,216207.6,Coorg
6195fcb0-b131-4f96-9f07-340116103bd3,20220314 100023,Lalitta,833,748.26,623300.58,Chennai
6ed3bb03-d553-4f72-935a-edf210d75791,20220314 100023,Madox,621,680,422280,Coorg
8d620caf-ad48-46ad-92cd-ece3f8156df5,20220314 100023,O'Carroll,715,172.25,123158.75,Mumbai
68a23288-7736-439a-aa04-75738883bdd8,20220314 100023,Harday,872,508.55,443455.60000000000,Kochi
e275fb6e-50b8-4a2b-9366-e4f82cba33a4,20220314 100023,Mitzi,549,972.41,533853.09,Delhi
560b57c2-ac46-462d-9b59-2f626e9d7fd6,20220314 100023,Darbie,178,171.27,30486.06,Idukki
eff28134-7eb5-4f91-b62a-01dbfa6c23d5,20220314 100023,Marden,840,284.19,238719.6,Gurgaon
316f0618-a7ad-49d5-96af-e73dfa29cf95,20220314 100023,Ball,438,830.88,363925.44,Kochi
633b9e40-3da9-47e1-9064-c840894c7ef1,20220314 100023,Cohdwell,853,915.56,780972.6800000000,Idukki
407f1493-a7d9-4ccc-85f9-b22ce74ab4c3,20220314 100023,Reidar,204,485.87,99117.48,Chennai
328140ea-ecb2-4923-84fd-5f8a5a09106b,20220314 100023,Stav,775,309.43,239808.25,Bangalore
4d9bb0f5-bf81-4f2f-901f-844b6d336611,20220314 100023,Malina,731,688.06,502971.86,Delhi
a9c23a6b-a156-4348-8a57-1b84974a1241,20220314 100023,Lareena,766,255.51,195720.66,Chennai
2f0bc3c7-7b68-49ed-8c91-1fba23730ffb,20220314 100023,Nea,775,192.09,148869.75,Coorg
3691a4d1-3632-44b2-b372-a92cbe029cc0,20220314 100023,Giule,977,178.48,174374.96,Bangalore
1ce6ddd0-2492-4d1b-897b-18ec3dbdf60d,20220314 100023,Yate,90,774.63,69716.7,Hyderabad
da3905df-58f8-4ddb-8ecb-23f68405fecf,20220314 100023,Amand,654,146.07,95529.78,Idukki
6e65dd25-6b90-4690-b191-a8623914bb73,20220314 100023,Fiester,461,661.7,305043.7,Hyderabad
175f29ec-e2a1-4354-bbc7-2266d03e7282,20220314 100023,Allys,742,903.96,670738.3200000000,Mumbai
f53dfad3-a42f-4fdc-8aad-d50e8ae234dd,20220314 100023,Connelly,908,824.13,748310.04,Coorg
089a78db-0f8e-489e-be1b-1000d989ca1f,20220314 100023,Sibyls,677,191.53,129665.81,Coorg
b0b40e66-9747-4e86-af3b-edbe9c51e66c,20220314 100023,Mata,523,444.42,232431.66,Hyderabad
fdb6ce21-a99f-4c57-8f30-2ffb6af1065b,20220314 100023,Audly,365,533.25,194636.25,Delhi
17dd7209-efd9-47d0-8df8-7cb1bb6783be,20220314 100023,Dominy,359,435.44,156322.96,Kochi
d67ea7e8-40a6-46b7-b630-4e8a28421076,20220314 100023,Oriana,988,667.67,659657.96,Chennai
e6311e32-fe3d-4098-94b2-7ab9fdce7c3c,20220314 100023,Faso,677,28.56,19335.12,Gurgaon
e6ab5bfe-40b0-4ee0-858d-238513b605bc,20220314 100023,Juliet,923,916.66,846077.1800000000,Idukki
e95bc668-0a08-467a-81e9-f7fc49d3e4fd,20220314 100023,Annice,99,86.45,8558.550000000000,Kochi
539188de-4908-415f-beb1-f39272f7abaf,20220314 100023,Cecile,354,883.58,312787.32,Idukki
fc679c74-9df0-43b3-8894-a8c8b46965ce,20220314 100023,Francyne,470,323.24,151922.80000000000,Mumbai
bc037474-4563-4162-ae54-fc61075b5d3e,20220314 100023,Yam,220,535.93,117904.60000000000,Delhi
2ffbc341-7456-42b9-982c-bca9608450bb,20220314 100023,Fosque,360,299.46,107805.60000000000,Idukki
354e22e1-d98b-4c20-b2e7-b04e12c0a961,20220314 100023,Alva,852,280.99,239403.48,Kochi
2d7c2607-7c41-428b-b0b5-189ecbb09df4,20220314 100023,Keelia,252,305.16,76900.32,Bangalore
d08ea3cb-a902-4005-8b53-1897f7aa531f,20220314 100023,Cohdwell,360,325.61,117219.6,Bangalore
6a05e4d2-11c6-4550-b654-0c4e20b69a6e,20220314 100023,Michella,198,250.47,49593.06,Delhi
c1165b42-141a-476c-827f-9895c27441bc,20220314 100023,Mintz,202,573.52,115851.04,Gurgaon
373d2979-5c05-4891-8289-fc6c7ffbc213,20220314 100023,Elbertina,434,166.25,72152.5,Idukki
4ec3fb2b-d387-473b-8800-811e7aebc5d7,20220314 100023,Tacye,987,13.08,12909.960000000000,Idukki
b9e1658a-ab4b-4992-9021-7ff62a82b1b6,20220314 100023,Thornburg,512,384.8,197017.6,Coorg
45c6c85d-2e9b-4170-815a-e9d6de77627d,20220314 100023,Fancie,477,429.51,204876.27,Coorg
17e31308-5361-4274-8d48-4354656ff09d,20220313 130023,Barrus,340,243.43,82766.2,Chennai
fea396ee-94cb-440a-931e-e2e32b8bbcf8,20220313 130023,Schalles,14,332.85,4659.900000000000,Gurgaon
219abd95-9029-4a0a-a314-ce4aa5fa3950,20220313 130023,Eugenia,385,890.99,343031.15,Delhi
2c38b65f-7b2c-484f-b640-17f2f5d6ba5f,20220313 130023,Thema,951,696.45,662323.9500000000,Hyderabad
c89e3099-a99d-4f66-afda-a46cefaca0a4,20220313 130023,LaRue,467,167.98,78446.66000000000,Bangalore
ee1f7d4d-566e-4175-9f4a-f8b1d9566de5,20220313 130023,Christine,444,644.25,286047,Mumbai
cde8b87c-def9-4491-b2a9-b0c99636642c,20220313 130023,Desai,5,719.95,3599.75,Chennai
18655a6c-8ee7-4b6f-bc8c-89416a232feb,20220313 130023,Duwalt,932,565.42,526971.44,Hyderabad
eb77b2c3-270d-49a9-8bcc-e6cb0e229f2f,20220313 130023,Trey,513,854.13,438168.69,Delhi
31e38ebb-0072-4443-bba7-b3021b83053e,20220313 130023,Birdella,486,432.14,210020.04000000000,Bangalore
e718538c-028a-4f30-b2dd-661e977dbeff,20220313 130023,Whiffen,509,821.73,418260.57,Idukki
93961e0c-96bf-4e9a-8d32-ae8e32082de9,20220313 130023,Borrell,394,894.02,352243.88,Gurgaon
a167485a-9897-4d73-becf-cff00c44c69e,20220313 130023,Krystle,252,900.7,226976.40000000000,Gurgaon
7be145e1-d9ca-48bc-9608-3cb2e6abd76e,20220313 130023,Quent,312,913.84,285118.08,Coorg
7bb75b40-b3c6-40b9-95e8-9c95164be311,20220313 130023,Manolo,290,488.15,141563.5,Bangalore
ea01a994-5ec1-4ee0-9930-3b4a7ab0ef75,20220313 130023,Burkle,19,88.64,1684.16,Gurgaon
0a07065d-3fe5-4050-a51d-cc3e7ba7aff9,20220313 130023,Rebecka,483,532.41,257154.03,Mumbai
fa7fc9d2-bb49-4429-acb8-46697b8ad55a,20220313 130023,Zeeba,835,992.63,828846.05,Hyderabad
f5710681-0a2c-4a92-a578-2bc712d836da,20220313 130023,Robertson,636,795.66,506039.76000000000,Idukki
96d8abc4-6d4f-4f51-af47-0dd4405a0cce,20220313 130023,Vary,778,830.59,646199.02,Delhi
d8321190-3c39-4a9f-b727-4175aa8de214,20220313 130023,Roarke,507,343.84,174326.88000000000,Delhi
18f059ac-9627-4eae-87de-2ab422704473,20220313 130023,Hourigan,733,591.26,433393.58,Mumbai
655477e9-bfa0-45ee-9ee1-0e69b8922664,20220313 130023,Nester,616,295.56,182064.96,Coorg
228704bb-e9f3-43c4-8900-a41b2ed4f221,20220313 130023,Jess,916,81.62,74763.92,Kochi
4e5a611f-3ddd-45a7-90a0-d37370dfe1d2,20220313 130023,Arathorn,847,825.79,699444.13,Chennai
3072c982-c0a0-4b39-bd80-4a836c1ed15b,20220313 130023,Maples,255,249.34,63581.700000000000,Idukki
48f2d27c-1dab-4938-a813-9c40e13b2678,20220313 130023,Callista,834,626.64,522617.76,Idukki
0529e847-b553-481f-b3cb-e6b32ea0d270,20220313 130023,Irmine,229,7.1,1625.9000000000000,Kochi
5043d117-63aa-43d0-b062-53aef4277447,20220313 130023,Cullin,711,775.22,551181.42,Mumbai
0aa55281-cbb1-459f-a879-da93081b2650,20220313 130023,Jagir,698,244.29,170514.42000000000,Chennai
75ce2e25-f75d-45fa-84b1-0d2a03e183e6,20220313 130023,Fax,945,891.71,842665.9500000000,Kochi
dd5e1dca-a57e-40ab-8fc8-0c4aea101fac,20220313 130023,Irmine,200,860.4,172080,Chennai
d33e53a1-c720-4178-8971-91c04d77aa56,20220313 130023,Letsou,140,404.71,56659.400000000000,Kochi
4b4e9bbd-48cf-436e-a134-5212cefd8d29,20220313 130023,Wadell,73,390.88,28534.240000000000,Gurgaon
0ad8f4b7-2761-45f5-848f-262ed36e008c,20220313 130023,Cynar,532,642,341544,Delhi
279c23a8-4b89-446d-8a7f-e41fe8153c0a,20220313 130023,Mullane,777,28.52,22160.04,Kochi
75075d19-e838-4dbc-85ff-4a25dfa0df00,20220313 130023,Silvan,696,191.32,133158.72,Chennai
764b859e-8981-4592-8a5b-291ca25ccd0d,20220313 130023,Cornelia,351,931.33,326896.83,Gurgaon
0715b2e9-5a38-4a3c-a70e-75b4d17fa505,20220313 130023,Truc,986,742.93,732528.98,Bangalore
a3eba0ad-902c-4607-a42c-de735599e3c3,20220313 130023,Longfellow,939,952.88,894754.32,Chennai
0630ee13-ad20-4d0b-9cb9-6f6f92e07ff7,20220313 130023,Zrike,154,206.95,31870.3,Kochi
6ca9d993-04e8-46c1-a696-4cf88f760e5a,20220313 130023,Lutero,399,191.83,76540.17,Bangalore
024a6fac-c254-48dc-842c-b642719c0de6,20220313 130023,Torray,165,210.39,34714.35,Idukki
a27d0f01-9688-42da-8907-9b87a0f50c0a,20220313 130023,Saree,829,998.55,827797.95,Bangalore
9ac50524-a528-43ca-8422-e094534b27e7,20220313 130023,Olympium,452,949.19,429033.88,Idukki
1f1c7b6b-963d-4df7-bb9b-5900edfec8e2,20220313 130023,Gualtiero,240,413.52,99244.80000000000,Kochi
c2a5767c-af37-4815-ad41-32c65ddcbd03,20220313 130023,Jotham,696,366.27,254923.92000000000,Hyderabad
39c55a1f-cafb-4ce2-b2bb-14190b1b3ea2,20220313 130023,Irmine,990,849.51,841014.9,Kochi
a094ce21-fa4e-40bb-a541-06aa0642fe5c,20220313 130023,Georgy,62,68.04,4218.4800000000000,Coorg
930fdbee-9719-40de-9267-0bee6c02f7a3,20220313 130023,Friede,15,833.88,12508.2,Kochi
677c4e05-997c-4ca9-9c64-f309b8fe46ff,20220313 130023,Heisel,756,555.07,419632.92000000000,Mumbai
200893c4-8cfe-472e-9d2b-e0cb23b81f47,20220313 130023,Barney,284,807.84,229426.56,Bangalore
d101e6a5-9328-4cb7-89ef-d319118602e0,20220313 130023,Cyrie,572,244.03,139585.16,Chennai
755f1ac9-acf2-4540-ac44-fdc57a26ae22,20220313 130023,Saree,381,254.07,96800.67,Chennai
afc171d6-52bb-4391-8313-50eb7eca6a1f,20220313 130023,Carlson,246,300.21,73851.66000000000,Gurgaon
1e25d3be-922b-419a-8f05-ef8240643987,20220313 130023,Love,906,152.78,138418.68,Coorg
9d5eb817-f8ed-4737-a7fa-98920fcfad38,20220313 130023,Stefa,62,608.79,37744.980000000000,Kochi
4f353d0c-c703-4523-828d-9fdfb4a181c2,20220313 130023,Faso,296,585.73,173376.08000000000,Kochi
fed5fd84-aa43-40d7-9e2d-fbcc9fc9fd69,20220313 130023,Wattenberg,180,60.98,10976.4,Bangalore
7510703d-eb11-43a7-8bea-d80dde93ee59,20220313 130023,Sasnett,17,990.48,16838.16,Kochi
e2f6a4d2-2bb2-49f0-9007-941b1abfec07,20220313 130023,Reneta,802,177.55,142395.1,Idukki
8664dd47-3adc-41d2-94af-24518b4aadec,20220313 130023,Andrel,735,875.13,643220.55,Bangalore
23a5b996-2da3-45dd-b1da-cae1929fa039,20220313 130023,Kimmie,825,421.17,347465.25,Coorg
1e99c99c-c91e-43c7-9233-196802df8f61,20220313 130023,Riordan,64,50.18,3211.52,Bangalore
f736fe06-9ca6-4a8e-815d-dd7bb11312c4,20220313 130023,Daegal,800,38.28,30624,Idukki
7c16533a-c6c5-49a6-808b-1240aa246fbd,20220313 130023,Hartnett,976,524.62,512029.12,Bangalore
c62782c2-446a-48fb-babe-25089e884be3,20220313 130023,Leonard,157,470.91,73932.87000000000,Coorg
bdc9fb9a-7c1f-4be2-b3b4-a59b8856e9e2,20220313 130023,Couture,8,821.58,6572.64,Coorg
7f7b80b6-d143-4405-9b4b-db0708f0e63b,20220313 130023,Wareing,693,688.77,477317.61,Kochi
cca9a418-b01b-494f-b27b-ed1bfb3344e6,20220313 130023,Shelba,370,567.45,209956.50000000000,Coorg
61b0b696-baf1-403b-8367-38dfd5122a88,20220313 130023,Solitta,35,176.69,6184.15,Idukki
9c1c0fa6-d035-463b-8322-fa33e7b0700c,20220313 130023,Eno,143,458.19,65521.17,Kochi
24772bab-21cc-435d-a9ec-26f71f304105,20220313 130023,Schenck,236,590.99,139473.64,Idukki
8d650978-99eb-4808-8b05-4dfc1da4799a,20220313 130023,Sawtelle,348,951.65,331174.2,Hyderabad
ba43c325-5a4c-4aa0-b988-cbd9c96003f0,20220313 130023,Carbo,799,624.4,498895.6,Gurgaon
53917bba-736a-496f-8f19-167dc78079ae,20220313 130023,Anderea,511,819.26,418641.86,Idukki
630ab8ac-edc5-4280-98cb-d06cfb75c17b,20220313 130023,Primalia,175,806.77,141184.75,Hyderabad
7f71e3f3-dc1e-490f-bafc-cbe72dc5b0f2,20220313 130023,Whittaker,770,670.95,516631.50000000000,Chennai
d203ed44-4d85-4a9b-9b20-b37dc4400f4f,20220313 130023,Philipp,784,371.8,291491.2,Hyderabad
8fd78501-f045-4bb9-b4d1-73bc85e44f7d,20220313 130023,Emerson,863,809.12,698270.56,Kochi
bc6d1409-6e01-4014-bb14-9fa1517f1081,20220313 130023,Dreda,564,146.49,82620.36,Mumbai
da960d74-0f8b-44dc-957a-bfcef57c471b,20220313 130023,Sherfield,858,698.47,599287.26,Kochi
cc2284f7-157a-473c-a3ed-15843355a871,20220313 130023,Shirberg,531,201.81,107161.11,Kochi
85c7573a-4fd9-4b6b-ba92-025e30c45f51,20220313 130023,Niles,882,427.46,377019.72,Bangalore
c2545638-4af0-4148-b2bb-4e6623355179,20220313 130023,Flita,159,618.13,98282.67,Bangalore
44e64eb9-ba41-430e-bd63-bde7e7e52815,20220313 130023,Dulciana,123,485.89,59764.47,Chennai
aaf60160-e6b3-42ce-bcaa-96b8ce699a26,20220313 130023,Leopold,466,710.92,331288.72,Mumbai
fdd16403-387d-448d-8e40-d903ab15894e,20220313 130023,Leopold,230,783.48,180200.4,Idukki
de381c8a-f6c1-42ef-a029-933084502107,20220313 130023,Yoko,228,989.81,225676.68,Gurgaon
e816acad-1108-4aff-86f3-bba642df6f01,20220313 130023,Adalbert,200,424.73,84946,Delhi
f1b0cdb0-a4dd-44d0-9505-3cd8eabcb53d,20220313 130023,Lenny,104,266.43,27708.72,Idukki
79b69e3a-5a55-43cb-b411-e5821b361cd0,20220313 130023,Solitta,490,630.18,308788.20000000000,Mumbai
258b798d-e260-4b43-b937-dc8ef8ce1e4b,20220313 130023,Claudine,619,733.43,453993.17,Coorg
340b2a14-6a99-4bc8-b24a-91115bba70af,20220313 130023,Isidore,292,808.81,236172.52,Bangalore
0dc5d54e-002c-48ad-af01-fb35435aa060,20220313 130023,Trace,564,914.15,515580.6,Chennai
929f2a0f-f0b3-41e9-b0b8-815682f6cfe0,20220313 130023,Cloris,170,419.25,71272.5,Mumbai
7d633a7a-b724-4f5b-aca3-ebb0ae928740,20220313 130023,Garbe,187,85.87,16057.69,Idukki
1e2d5664-9607-4e50-a368-e0f7b2782027,20220313 130023,Pip,418,366.76,153305.68,Mumbai
51655551-cbba-4365-907c-db0c2a71fbd3,20220313 130023,Faust,494,334.09,165040.46,Kochi
f804017e-7143-4710-a133-1edf9e6ce3ee,20220313 130023,Camden,591,37.41,22109.310000000000,Mumbai
48e60ae2-0f54-467a-aaba-0b93c582eb20,20220312 130023,Linskey,684,756.93,517740.12000000000,Kochi
24e57f70-764a-47fc-bcce-90bb2bf81f37,20220312 130023,Emmy,610,71.95,43889.5,Hyderabad
bd676ddb-28ca-407e-bbc1-abc4ea705125,20220312 130023,Phi,878,584.31,513024.18000000000,Idukki
37b4fa58-3244-4d13-ae96-1152efe2ff80,20220312 130023,Arvo,79,465.68,36788.72,Kochi
edef4b55-70d0-46b9-9c2b-9aec4edbe86a,20220312 130023,Ogren,15,15.38,230.70000000000000,Delhi
2bc5e7b3-096d-49cf-b185-3159cd4ec5e1,20220312 130023,Stacy,97,694.51,67367.47,Gurgaon
36e40632-6da0-485a-a62b-f32a812c4695,20220312 130023,Shirberg,995,617.91,614820.45,Hyderabad
ce003d26-5fd4-4b58-9d52-458385195949,20220312 130023,Wareing,173,773.47,133810.31,Idukki
85d65f60-b352-4dd6-97a9-dfc5fb3c6e9e,20220312 130023,Jenness,74,584.33,43240.420000000000,Idukki
93f4f29e-ffb0-4f79-b975-24dacd5cdeef,20220312 130023,Newell,734,16.65,12221.100000000000,Gurgaon
91cbdd81-4fbb-48d2-b953-37dcc40c632d,20220312 130023,Lasley,530,526.44,279013.2,Coorg
70f0c12c-010a-489a-8cdc-0fe1dab25d86,20220312 130023,Fiann,493,509.09,250981.37,Kochi
e03adcc0-84c8-4774-ba5a-46650d0d3d7d,20220312 130023,Lorenz,605,68.08,41188.4,Bangalore
a141ac4c-dd16-4f9f-918f-de0bf251e19b,20220312 130023,Emmy,54,987.47,53323.380000000000,Gurgaon
23b77865-e3af-493a-8afe-a2bdf7a30848,20220312 130023,Sinegold,650,964.64,627016,Coorg
ff3387b6-f992-4037-af60-f25568b57093,20220312 130023,Cohdwell,373,987.32,368270.36000000000,Delhi
fe087e1b-249c-462c-a969-dbb0400048e3,20220312 130023,Dichy,484,285.35,138109.40000000000,Gurgaon
6f25ea58-78a5-411f-848f-5dfb9ffd8e27,20220312 130023,Brandice,26,691.87,17988.62,Mumbai
caf35908-00d2-42f6-8ee8-7605130665a6,20220312 130023,Urias,175,302.23,52890.25,Gurgaon
ba9ea0fa-28be-452d-b742-c784602ee705,20220312 130023,Gahl,989,644.3,637212.7,Mumbai
d8e90dd3-97b3-4bc5-ad35-be0ce18f893b,20220312 130023,Alwin,53,783.77,41539.81,Idukki
1778fe38-613d-40c2-a2d6-9f02ddbc0064,20220312 130023,Kermit,120,509.55,61146,Bangalore
db0a6004-e072-4daf-a2cd-35a9bc796e17,20220312 130023,Orpah,132,336.06,44359.92,Mumbai
31c7fe36-72f0-4d37-88fe-67060c3b157e,20220312 130023,Bartlett,158,454.29,71777.82,Kochi
c79596b5-cc5b-431a-b201-ebf3dc1ee9de,20220312 130023,Pacorro,322,583.07,187748.54,Hyderabad
a1d10383-c08c-4369-bdbd-30ddac09ff43,20220312 130023,Darrell,396,454.78,180092.88000000000,Hyderabad
3f93e1c4-9743-4061-a119-7d61e3ec7070,20220312 130023,Jary,742,593.87,440651.54,Chennai
b5f3df8b-65f5-4e00-aded-696687e0af43,20220312 130023,Colleen,85,796.14,67671.9,Hyderabad
feceb767-98f8-4999-9663-5ac6554b7c1c,20220312 130023,Merna,306,474.69,145255.14000000000,Coorg
12a7d572-4716-4615-b0fe-befae8f9117a,20220312 130023,Valoniah,498,992.99,494509.02,Kochi
10725e97-5ed8-48e9-af5a-f3b1b84f6fb9,20220312 130023,Ambrosia,199,888.38,176787.62,Coorg
727ce73f-cf3f-4471-8144-79d90a68d57e,20220312 130023,Septima,322,795.5,256151,Bangalore
d2aed703-b990-4e50-bc76-76f1cde6cbe3,20220312 130023,Emmy,842,715.73,602644.66,Delhi
82a824b1-1ab3-4435-8b0e-474f83ac799e,20220312 130023,Sisile,721,914.79,659563.59,Chennai
2420c081-f9c6-4c90-a597-8d42f02ef450,20220312 130023,Berard,153,395.42,60499.26,Delhi
4f4480ce-aa9e-4e22-b461-fd38146efc25,20220312 130023,Luhe,832,240.93,200453.76,Idukki
72a7c401-ffb5-4211-ae9f-8f46121eaf3e,20220312 130023,Schalles,902,552.52,498373.04,Hyderabad
a790b3ad-36cc-4a6c-9dc0-19e8b866c36b,20220312 130023,Modie,305,983.07,299836.35000000000,Idukki
5e3ec38f-ff9a-42fc-967d-eef9e6e93855,20220312 130023,Gillan,646,156.42,101047.32000000000,Hyderabad
50840886-ef19-4166-a2f0-e6597b763a90,20220312 130023,Velick,143,427.15,61082.45,Coorg
f68b95f1-36ce-4730-8020-3f420b24c4a7,20220312 130023,Cyrie,37,366.7,13567.9,Idukki
85659d16-d39a-4521-a690-6e5fde55b711,20220312 130023,Scammon,905,33.89,30670.45,Delhi
81a55a23-e15f-402a-91dd-be53e8de23ac,20220312 130023,Lubin,669,571.17,382112.73,Idukki
1dfac2ad-234f-4e89-8fc1-5d64d17419de,20220312 130023,Ummersen,564,957.93,540272.52,Idukki
7f930483-ad19-4471-90dd-5285c1bccd38,20220312 130023,Idelia,321,944.35,303136.35000000000,Hyderabad
a571ff35-416a-4141-9d99-7e19de429739,20220312 130023,Marlie,139,346.84,48210.760000000000,Gurgaon
a99c44f6-1af8-4f0c-b106-29c326c654cd,20220312 130023,Pozzy,118,734.33,86650.94,Kochi
46a82ad1-d442-4668-b33d-6039dff07b0c,20220312 130023,Swigart,21,718.06,15079.260000000000,Hyderabad
dd33516b-2a77-4419-86b7-5618d3e8c052,20220312 130023,Kussell,453,615.87,278989.11,Delhi
83d152e0-d5f8-4545-a43c-d8e63fc80698,20220312 130023,Janith,253,196.59,49737.270000000000,Bangalore
3a7ae822-7a3c-465e-a95d-2d102d506d39,20220312 130021,Holtz,885,106.47,94225.95,Coorg
828dbd03-82fb-4e2b-b72d-7b598bdaa429,20220312 130021,Cristi,876,155.67,136366.92000000000,Delhi
33ab8636-6576-4b9c-80db-23088738ca27,20220312 130021,Tjon,327,432.93,141568.11000000000,Delhi
d8fbc550-cc3b-405d-8c4e-9d8d4cf201e4,20220312 130021,Lasley,374,818.48,306111.52,Mumbai
178e31bd-c06f-4f2e-86ed-e8be91ccae08,20220312 130021,Nester,975,464.4,452790,Gurgaon
977ac135-44ff-4ac5-a248-ce4731d0584b,20220312 130021,Schlosser,656,771.73,506254.88,Kochi
e4e689e2-fdd7-4a16-8f0b-162f430e0d11,20220312 130021,Secrest,625,744.21,465131.25,Chennai
996ca978-66b2-4b11-a60f-93360a65ccfb,20220312 130021,Lane,846,145.56,123143.76,Chennai
6a138317-8c98-4dce-8141-adf20b346527,20220312 130021,Solitta,316,748.64,236570.24,Hyderabad
be09b3d6-aca9-4d8c-8db6-227c01785f21,20220312 130021,Percy,415,876.9,363913.5,Bangalore
40d00555-fc7d-444a-803e-b70c6701a3f8,20220312 130021,Brian,101,913.17,92230.17,Gurgaon
dc509270-1196-4e86-83a9-4ede42dac045,20220312 130021,Blisse,414,330,136620,Kochi
0e9d058c-064f-424b-8f9f-f557e6c69915,20220312 130021,Bartlett,655,472.03,309179.65000000000,Mumbai
786e8923-85e2-42c1-8564-0600b518bcd4,20220312 130021,Meli,186,265.7,49420.2,Idukki
6c9627ca-62af-49fd-9e75-50922ba33eab,20220312 130021,Vary,350,718.11,251338.5,Mumbai
f7e4eae5-9f90-483a-8ab1-f25ff2e64c2a,20220312 130021,Nelsen,305,564.71,172236.55000000000,Delhi
011223b4-d1d2-463c-a3de-541b4052f981,20220312 130021,Grayce,731,472.84,345646.04,Idukki
cb696e0b-6f12-486c-bf82-4b7b2d72ba75,20220312 130021,Oneida,304,865.77,263194.08,Mumbai
837048e4-b9d8-450a-b2e3-b85062fb8557,20220312 130021,Ludewig,376,350.61,131829.36000000000,Delhi
259aa705-f6dc-4661-b901-921457f2964d,20220312 130021,Georas,645,404.86,261134.7,Chennai
de627530-1cbf-433e-a9a9-3fdfae6983a2,20220312 130021,Karylin,81,248.84,20156.04,Mumbai
1faaaa1d-b2ab-45ee-98cc-ad2fe9e6da97,20220312 130021,Muriel,493,446.9,220321.70000000000,Idukki
da538245-7190-40b8-9a45-82493cfd7220,20220312 130021,Persse,648,400,259200,Hyderabad
fd095855-a23e-4ac7-9143-84262c7d370f,20220312 130021,Gino,254,29.87,7586.9800000000000,Bangalore
6c85c1f7-2d14-481a-9fb4-97f1f5be948f,20220312 130021,Bouchard,170,923.12,156930.4,Idukki
4c0ad4f9-279b-43c6-b061-9a64d0f37477,20220312 120222,Gillan,546,57.91,31618.860000000000,Coorg
910eb00d-2b42-461c-bfe4-4bdd197b94ff,20220312 120222,Zetta,556,993.18,552208.08,Coorg
bdf230ee-52c1-4321-a031-73b67a6dad63,20220312 120222,Wesle,749,642.38,481142.62,Idukki
48df5d7e-3ce8-467a-9b2c-a75bf386b803,20220312 120222,Kermit,385,349.05,134384.25,Coorg
c7762d94-dd84-42a1-ab33-958045ff67b8,20220312 120222,Levey,200,715.17,143034,Idukki
4605db31-319e-41c4-80d3-2d9895a7d73c,20220312 120222,Killigrew,193,811.94,156704.42,Kochi
67ee453f-4fe2-490e-91fd-9a05b736dc9c,20220312 120222,Pulsifer,416,762.25,317096,Kochi
8c2f786f-45eb-46e8-8ae1-f5096319faea,20220312 120222,Imelida,428,999.19,427653.32,Chennai
4867664b-572f-488b-bf97-ea3393bc58e9,20220312 120222,Darrell,898,144.11,129410.78000000000,Hyderabad
34ff0b4a-04f7-412a-b69e-dd40813cb817,20220312 120222,Bord,474,879.11,416698.14,Mumbai
6c1a401a-1782-427d-8b9d-da8a8f8b8d69,20220312 120222,Alabaster,984,242.8,238915.2,Coorg
bf8a3fc0-32da-46f1-bb2b-afdb03353370,20220312 120222,Gavrila,325,715.07,232397.75000000000,Mumbai
f3584aae-c013-4575-8f11-062f77d9999f,20220312 120222,Zetta,78,967.29,75448.62,Delhi
0788c624-b7e7-44e3-8d5b-448a36fac5b3,20220312 120222,Diann,543,856.96,465329.28,Gurgaon
0fd02e8c-4ae2-4b2b-a389-08f4f2979a79,20220312 120222,Brady,748,368.84,275892.32,Mumbai
594f6d14-5041-41be-8587-ff9b78dfcc93,20220312 120222,Emerson,628,950.77,597083.5600000000,Delhi
71ee4113-e859-4710-97f8-913896989e7f,20220312 120222,Madelene,484,450.5,218042,Bangalore
fb8ffedf-1c1b-476b-92b0-90d0a3008f8b,20220312 120222,Markman,69,798.55,55099.95,Mumbai
c7c24b46-4098-411f-bc24-a1f051242904,20220312 120222,Faso,194,667.93,129578.42000000000,Idukki
53ce7d28-fa72-405f-93f5-6f7cc6043595,20220312 120222,Kimmie,139,735.46,102228.94,Bangalore
5e0ae9dd-67ec-4e95-ba0e-b6e68f7a4968,20220312 120222,Flita,941,640.19,602418.79,Mumbai
d6a24fdc-e44d-4d18-8761-82733d4f57d1,20220312 120222,Glenden,843,430.06,362540.58,Mumbai
ef2fe328-e7a1-4923-8376-40baa6bc4a20,20220312 120222,Arathorn,644,587.02,378040.88,Bangalore
74a4428c-c40e-45d3-8afb-69f91741285b,20220312 120222,Denis,824,748.08,616417.92,Delhi
64389559-cf12-4ab1-a7a6-15ed71ac5e60,20220312 120222,Jacinda,810,847.44,686426.4,Coorg
415c6286-3c8b-421f-a55b-1ccaf10184e4,20220312 120023,Mandler,216,115.33,24911.28,Kochi
1cd0bf0b-b426-44e8-a70b-b0858bdb8f79,20220312 120023,Uird,426,281.44,119893.44,Gurgaon
8cc7a194-5824-43e7-bee3-d97a04c55aa2,20220312 120023,Regan,679,896.8,608927.2,Idukki
eae2bcf5-4147-4e1a-b9b8-66bd9284a055,20220312 120023,Marlie,605,734.35,444281.75,Delhi
1b80cc38-8ed2-4635-a7a6-f32c35314b6a,20220312 120023,Emmy,37,722.19,26721.030000000000,Delhi
87ded8bf-fef3-4ebf-846e-1c49f965d3a7,20220312 120023,Nance,946,62.76,59370.96,Mumbai
23e535f2-e001-411b-a9e8-96355b4a74b1,20220312 120023,Astra,385,103.52,39855.2,Coorg
4a57b1b0-91b6-4c8e-9498-df3b9d229c70,20220312 120023,Cloris,239,277.01,66205.39,Kochi
62554bfe-17ad-4b95-9874-95be8ce5869a,20220312 120023,Dalli,53,281.92,14941.76,Gurgaon
9a4955b8-3f17-4544-87a7-e223a9fe5f8a,20220312 120023,Gladstone,809,617.66,499686.94,Bangalore
a1efa08e-8f12-44df-b47f-3adf1eadcacb,20220312 120023,Edee,106,29.97,3176.8200000000000,Delhi
b69f38eb-404c-47b1-8482-cf4b85b97f1c,20220312 120023,Moseley,574,613.6,352206.4,Bangalore
1e87a31a-387f-469a-a5cc-8cc2afa0f841,20220312 120023,Chinua,871,611.31,532451.01,Coorg
0cbfeef0-ce7f-4bef-a45c-045144cf13b2,20220312 120023,Shaddock,180,803.09,144556.2,Kochi
c1c0adc3-d5fa-4ff8-9662-e8ef15d9c3bc,20220312 120023,Prober,676,198.57,134233.32,Coorg
ad704ecb-4880-49bc-893e-2195121555db,20220312 120023,Alexandr,376,133.94,50361.44,Idukki
790ca847-f1e7-4c83-a188-da8d0efa50c9,20220312 120023,Chobot,990,924.29,915047.1,Bangalore
54ae68e9-6ba0-436d-a548-b206b1e188ea,20220312 120023,Marijo,809,102.94,83278.46000000000,Chennai
ba747095-0596-4def-9972-30d79c85a600,20220312 120023,Center,657,417.2,274100.40000000000,Hyderabad
8d4284e5-1ea5-4afc-ad0d-9a2a78e12a5e,20220312 120023,Chem,289,241.65,69836.85,Chennai
e5e08f56-ed4b-4be1-87f1-609830bb3ade,20220312 120023,Jillane,761,254.6,193750.6,Kochi
5ba0cfc3-d06a-4c1b-adda-75946bdd758c,20220312 120023,Horan,350,83.59,29256.5,Chennai
7b032ed7-cbaf-4793-aff1-9be927fd61c8,20220312 120023,Lunsford,293,63.65,18649.45,Coorg
ecf76236-8be6-4c77-b9ed-d56412a84682,20220312 120023,Tyson,60,80,4800,Kochi
b641bc77-adac-4873-86a9-caa203e59287,20220312 120023,Chem,842,676.68,569764.5600000000,Idukki
868c4b37-24d0-44c4-9642-16fde74e9cc5,20220312 120023,Belanger,393,196.75,77322.75,Kochi
d3398a9b-8887-4b86-9cf1-4aa617761d22,20220312 120023,Anis,102,986.13,100585.26,Coorg
898de8ce-8527-4f4f-835a-adfdc780ce15,20220312 120023,Chobot,780,542.19,422908.20000000000,Bangalore
b3c1fe86-fafa-48f7-a361-c07ca7bb0993,20220312 120023,Alabaster,114,580.26,66149.64,Hyderabad
9a31d033-a791-4850-b057-2bc6e306e94d,20220312 120023,Sperling,728,162.41,118234.48,Delhi
fac48c4e-2040-49ac-8c25-4cc8282146ff,20220312 120023,Gusella,331,525.48,173933.88,Idukki
ad4525e0-012d-4300-b818-55d353fd6420,20220312 120023,Slifka,751,716.03,537738.53,Gurgaon
bbf9924b-255c-49cb-99bb-633b3f3db2ce,20220312 120023,Suk,261,491.01,128153.61,Chennai
9bc58daa-70a3-480e-b184-d18a5d483e72,20220312 120023,Grosz,362,309.32,111973.84,Hyderabad
cbfd91f3-4927-4290-86c5-73fdf5e86243,20220312 120023,Schlosser,492,475.36,233877.12,Idukki
108b3573-be4e-4b50-b29c-cac6b43ac6ce,20220312 120023,Allys,545,391.72,213487.40000000000,Mumbai
675f31c4-6cdc-480a-a41c-13ab460602b3,20220312 120023,An,166,441.88,73352.08,Hyderabad
7224e049-6f8c-4727-bc49-9022aa8694af,20220312 120023,Odell,579,406.61,235427.19,Chennai
7d464ab5-f382-43ae-ae4d-474e1dc0cefd,20220312 120023,Bohlin,331,256.36,84855.16,Chennai
33386752-7240-4fb6-87e3-8b41b12b59e9,20220312 120023,Boehike,866,958.72,830251.52,Mumbai
4bbc26e2-52b6-487e-9b11-bbc21d9d2995,20220312 120023,Bennie,894,742.05,663392.7,Bangalore
8f10ce6e-bc3c-4610-adf9-909726327cb6,20220312 120023,Screens,935,453.32,423854.2,Idukki
29305804-1f6e-43d3-8505-a79fdc088290,20220312 120023,Sherrie,622,193.83,120562.26000000000,Idukki
191fe1fc-f1f1-49d0-8833-8694c6042314,20220312 120023,Daveta,698,324.51,226507.98000000000,Idukki
4124a822-fced-4a1d-bcd5-385f7881032b,20220312 120023,Miru,921,311.2,286615.2,Idukki
4a45dccd-c7e2-40c5-88df-70d9fc975d88,20220312 120023,Tannie,69,740.48,51093.12,Kochi
6dcc527b-56c4-45d9-b3ac-b324e42c52fe,20220312 120023,Fosque,708,109.59,77589.72,Bangalore
3b0b7a34-0eee-44d0-b8f2-cdca5ab3757b,20220312 120023,Atcliffe,913,485.56,443316.28,Chennai
ec55d412-7f04-4488-8317-5fa3c3b560a3,20220312 120023,Cristi,619,61.95,38347.05,Delhi
0c4369b4-5163-4dd8-bc4c-fe2817bb3272,20220312 120023,Jarib,685,677.16,463854.6,Idukki
c94b1282-7504-4303-85d7-7546bb098a61,20220312 120023,Bennie,700,418.14,292698,Mumbai
53b7dd65-afe5-412f-8cbb-417575d2a641,20220312 120023,Bendick,35,97.12,3399.2000000000000,Hyderabad
b04e5cd2-fe5d-431f-9194-a270f1bfe762,20220312 120023,Doig,177,63.27,11198.79,Chennai
b36db64b-932b-4161-9760-695eeb8b206a,20220312 120023,Ciapas,93,132.31,12304.83,Coorg
84e67f7a-05de-4caa-9b2d-2d2cc4d3a9cb,20220312 120023,Meter,267,682.43,182208.81,Idukki
be923d64-be9e-49e9-bd98-1cb8d8d3ffc9,20220312 120023,Garek,398,14.14,5627.72,Delhi
d17ad297-b534-47da-b4db-e574bc902b97,20220312 120023,Eno,416,667.29,277592.64,Mumbai
c8b78cf3-4d1b-476c-94ab-b0c7a7bd953d,20220312 120023,Alabaster,700,369.21,258447,Chennai
9aca5e71-4233-438f-9428-65a6750b7678,20220312 120023,Leler,605,658.25,398241.25,Mumbai
e8053fc1-b643-4a93-8885-5b6aaef7ec54,20220312 120023,Gordon,424,127.79,54182.96,Idukki
d83b7703-4a56-42a1-8e11-9973909c8dc2,20220312 120023,Rugen,898,871.89,782957.22,Mumbai
c70587ca-3633-466b-82b3-bd9dbf065514,20220312 120023,Bates,124,408.32,50631.68,Chennai
37138125-d4eb-431c-ac71-51ecce85e562,20220312 120023,Colyer,953,61.57,58676.21,Idukki
12634ddc-d1e9-43fd-9fb8-aa59df6fe92c,20220312 120023,Briney,505,295.48,149217.40000000000,Kochi
2705c5fe-8037-4aef-ae88-1907b5181128,20220312 120023,Burch,973,367.39,357470.47,Chennai
b844572b-7351-4900-9808-2d57dcfd4fcc,20220312 120023,Jena,148,951.61,140838.28,Gurgaon
23af3148-5264-4a53-b774-fcc15a5eb100,20220312 120023,Weaks,741,446.34,330737.94,Bangalore
954cab6b-9902-46c2-9f98-7493019171b0,20220312 120023,Mata,104,132.09,13737.36,Mumbai
91680209-6ceb-42b5-a6fb-ada7052d76ef,20220312 120023,Helfand,227,561.11,127371.97,Coorg
c924aa65-28ac-4fbc-8363-ee3b2518b958,20220312 120023,Atcliffe,741,89.19,66089.79,Gurgaon
767268fe-4b2c-433f-846d-d8552f8f5a7b,20220312 120023,Willie,590,174.5,102955,Delhi
b7b8e67d-dde2-4e62-8ed5-2b571fb41d0d,20220312 120023,Amasa,876,214.88,188234.88,Chennai
acaf2533-b5c8-40eb-a48d-e8db5417b5fe,20220312 120023,Lucienne,787,654.92,515422.04,Bangalore
6769145b-75da-448e-bb54-fab54ca2004c,20220312 120023,Lowry,258,80.94,20882.52,Mumbai
13a20fa8-ac05-41c2-ac29-bb80b69a221d,20220312 120023,Ranjiv,154,668.21,102904.34000000000,Idukki
e4a4cad1-678b-4270-8f08-dec2aaf3f1e8,20220312 120023,Berl,796,830.99,661468.04,Kochi
90af82a6-41f5-42fd-ad1d-855ea36a1104,20220312 120023,Bevin,180,340.71,61327.800000000000,Idukki
d4240395-0fdc-4de8-afb0-7bf58bf9dfac,20220312 120023,Lane,117,651.95,76278.15000000000,Idukki
a7de3cfd-83a9-4e25-822b-42980b8df983,20220312 120023,Eiser,635,347.47,220643.45,Coorg
b963b6c6-f0b5-42bd-8340-8bbfd4fa9a35,20220312 120023,Ilka,112,292.91,32805.920000000000,Mumbai
81696f99-24c8-4bc1-93d7-96d62de2c87f,20220312 120023,Shaver,58,792.77,45980.660000000000,Hyderabad
aa55ed7e-9c65-4cee-b6e9-ceee61625c4a,20220312 120023,Stephie,497,1000.2,497099.4,Kochi
a401d67e-3694-453f-ab62-07b5ce365312,20220312 120023,Sekofski,235,506.26,118971.10000000000,Mumbai
5be6d72a-f33f-4ff2-aad3-dc119191c643,20220312 120023,Casimir,169,257.13,43454.97,Coorg
b2f55d82-eacb-445a-a69c-21f54b4c4ae4,20220312 120023,Sothena,609,894.89,544988.01,Mumbai
f7333a5d-c2bd-4915-84c5-7e91ed12aff6,20220312 120023,Cimbura,572,888.4,508164.8,Kochi
f12aa2c7-e82a-4b7a-8dd2-05888ccdba80,20220312 120023,Kellby,165,972.54,160469.1,Bangalore
2fe5a392-fbc3-47a3-b9fb-fe95552cc577,20220312 120023,Sigfrid,614,539.05,330976.70000000000,Bangalore
e586ee53-6d2a-4ce2-ba14-f79c8464fa37,20220312 120023,Wesle,361,409.9,147973.9,Kochi
43f12608-2d1a-4d98-8ae7-c793c6e12253,20220312 120023,Orelee,611,638.36,390037.96,Hyderabad
4ad80318-8ca8-4aa9-81ef-fea0544db151,20220312 120023,Schonfeld,168,201.13,33789.84,Coorg
427a0fc5-e10a-4423-ae3f-e432050b1ba8,20220312 120023,Harday,60,910.14,54608.4,Chennai
64890855-f353-4ca3-a4d7-1609811c20ad,20220312 120023,Llovera,28,132.24,3702.7200000000000,Mumbai
b91655bb-3f24-4b0d-8239-4a75d992354e,20220312 120023,Masao,392,460.25,180418,Gurgaon
3ffa115f-4618-4533-b0c3-a173ed5b1235,20220312 120023,Bevin,940,868.89,816756.6,Chennai
7882a42f-35a3-4e3d-a44d-59650f19779b,20220312 120023,Sinegold,453,134.83,61077.990000000000,Gurgaon
569dd111-db2a-40a1-ab20-bb5289d2d626,20220312 120023,Brotherson,280,503.55,140994,Mumbai
46b32436-51ca-4895-8747-5732a19638d2,20220312 120023,Edee,860,792.83,681833.8,Kochi
8cd54016-3b50-45b6-b1ab-9dcdf93cbf5c,20220312 120023,Yorick,133,405.78,53968.74,Kochi
a3412afe-194c-4ba3-b97a-df414c6a3a9a,20220312 120023,Atcliffe,336,836.46,281050.56,Bangalore
11ee76c8-a5da-4a00-9a83-96341ecf7b95,20220312 120023,Natica,158,442.57,69926.06,Idukki
d4435ced-b606-4356-b881-e6d342ccd0e7,20220312 120023,Seligman,360,731.67,263401.2,Idukki
2446263a-a95c-4328-aeb2-08feb05d6e0e,20220312 120023,Cordi,260,781.3,203138,Gurgaon
3f7e0a2d-762c-4094-9aad-46fc7cf69445,20220312 120023,Madaih,28,710.73,19900.440000000000,Bangalore
d8133090-b22d-4967-bffc-c64a25ba7167,20220312 120023,Greyson,690,139.49,96248.1,Kochi
2e883c46-cd9d-4ab2-9897-27434d019fb3,20220312 120023,Meli,248,63.9,15847.200000000000,Chennai
04dccf90-3941-4eda-8001-978b4d83b0d1,20220312 120023,Gunn,140,89.86,12580.4,Chennai
3788e345-afed-477b-a1ac-41382eaa7a9c,20220312 120023,Parette,754,400.29,301818.66000000000,Chennai
0c47788a-df49-4a2c-a0ad-63b1ed790e12,20220312 120023,Lissi,860,768.07,660540.2000000000,Kochi
4ddbf23c-92dc-4f63-813e-a4b815e439dd,20220312 120023,Quent,514,454.49,233607.86000000000,Gurgaon
f1f1f00c-1827-41e5-b524-37d0d9632b78,20220312 120023,Christal,205,952.88,195340.4,Gurgaon
b1398127-8a5c-4ec2-ace8-163e1e2d32cf,20220312 120023,Pettiford,325,159.26,51759.5,Chennai
9d439804-9a2b-4ce9-8e4a-5a9065a58207,20220312 120023,Liebermann,48,321.5,15432,Coorg
8a9f5920-a490-4228-828e-1228d0e4f50a,20220312 120023,Carmena,232,637.73,147953.36000000000,Idukki
fa84bd1b-fd63-4507-8266-eece2bfb0ada,20220312 120023,Zina,335,265.97,89099.95000000000,Idukki
fb4eace3-b048-4371-b85b-a13a52218b48,20220312 120023,Clarissa,237,996.43,236153.91000000000,Coorg
beed637f-ebd0-407b-8149-6172246e799f,20220312 120023,Keelia,511,311.95,159406.45000000000,Coorg
38fc50c5-a2bb-4ab4-acde-36298a32e10f,20220312 120023,Lane,510,697.43,355689.3,Coorg
70382aef-3c3a-4e4b-95b0-18cb5b32914a,20220312 120023,Tound,363,957.3,347499.90000000000,Bangalore
11bea50f-7693-49f8-8b03-b373fde90eec,20220312 120023,Hull,805,600.26,483209.3,Coorg
22e1ddd6-74f0-47aa-af6e-ae03a8d421ee,20220312 120023,Pacorro,71,500.96,35568.160000000000,Hyderabad
0700f718-9348-48e5-a279-e94c74a57c20,20220312 120023,Mitzi,761,97.52,74212.72,Gurgaon
23b839b0-7585-4ab2-9120-3ae3fb3cae0d,20220312 120023,Dreda,302,143.91,43460.82,Delhi
cc6da084-3b01-4fe2-a118-db1b429dea28,20220312 120023,Sekofski,183,256.79,46992.57000000000,Hyderabad
ff66dbe2-cf31-43b0-88cd-0a4c2ec5494a,20220312 120023,Riordan,70,806.98,56488.6,Delhi
e72100f5-afb0-45f3-8ce4-12fab6f4385a,20220312 120023,Chem,226,672.06,151885.56,Chennai
3d418d7e-1584-4a1d-a26c-51502944cbb7,20220312 120022,Amand,777,509.52,395897.04,Mumbai
eef22a7f-8b5c-4c86-84a4-f0c8f2baae9f,20220312 120022,Oriana,291,635.04,184796.64000000000,Bangalore
c3ceee6c-5307-4ec9-ad63-126aaf9de3b5,20220312 120022,Donoghue,600,634.8,380880,Kochi
a1b9ed76-934f-4843-995f-c2045aae7c2d,20220312 120022,Turne,223,507,113061,Delhi
7d3cde75-6663-4687-b050-8518f9384249,20220312 120022,Colp,209,203.93,42621.37,Mumbai
b804910b-e9be-4398-97c5-ac168e6178cb,20220312 120022,Erich,937,2.47,2314.3900000000000,Coorg
e496ea3f-99ee-4711-8067-118bd879fa21,20220312 120022,Urania,128,925.16,118420.48,Gurgaon
6c4b32dd-f1ec-4ba1-95ff-14a51eecc61b,20220312 120022,Anestassia,120,341.55,40986,Kochi
14c0d6ba-0c53-4b44-957e-a23cc2d72cce,20220312 120022,Holtz,380,468.22,177923.6,Hyderabad
6744aae8-1b3b-4dcb-aa6c-52494188d03d,20220312 120022,Persse,172,889.08,152921.76,Delhi
1be37f9d-da19-4d54-82ef-5649b976faff,20220312 120022,Ranjiv,498,885.57,441013.86000000000,Chennai
a5ca4fd5-dcf3-4181-bf71-0d4a6c423ac9,20220312 120022,Bandeen,961,518.65,498422.65000000000,Mumbai
ec5f21cb-82f5-4790-968f-4fb27a23374c,20220312 120022,Ries,159,482.26,76679.34,Bangalore
0d5e8ea5-3d51-4602-a1b1-d1c94d53783a,20220312 120022,Melleta,522,426.29,222523.38,Kochi
cdc6a40f-aafe-4724-813c-cf44b2c14e64,20220312 120022,Stacy,579,426.5,246943.5,Kochi
5e51fd99-df91-4988-84c2-9748b152fd28,20220312 120022,Nea,270,392.38,105942.6,Gurgaon
64bfdcbd-0054-48b2-bf76-717bd1dd72bf,20220312 120022,Chesna,985,613.38,604179.3,Idukki
a10a4f8a-0b1d-480c-a77b-721ff33464c8,20220312 120022,Lutero,857,908.91,778935.87,Chennai
09c9615d-7e50-420f-b076-3508a97ee1a6,20220312 120022,Hirsch,471,470.95,221817.45000000000,Gurgaon
98739e3e-f628-48c4-bb6e-f8c0ca6168b8,20220312 120022,Bow,343,622.64,213565.52,Delhi
1c2875d3-0304-4179-a013-2cf17ec0f96a,20220312 120022,McLaughlin,944,145.19,137059.36,Delhi
09cb6105-f452-46d4-9093-6fdbb876e0f7,20220312 120022,Ranjiv,17,467.31,7944.27,Bangalore
b89f9425-dc65-4baa-850e-30b2a534ecde,20220312 120022,Teryn,297,204.7,60795.900000000000,Kochi
35c72eec-b41f-4fce-bffc-56bd75582330,20220312 120022,Margret,478,732.7,350230.60000000000,Coorg
5ca9bd90-0f44-41e8-913b-825892950f29,20220312 120022,Arathorn,106,215.84,22879.04,Mumbai
03686ab3-0a0d-4272-bfce-38ab749c99b8,20220312 110023,Ventre,715,295.14,211025.10000000000,Coorg
9080fcc4-cdc2-4bd4-aa99-abfe07c94ba6,20220312 110023,Carey,923,207.38,191411.74,Gurgaon
d2171a2d-351b-4158-91e0-f31a1cdf27b5,20220312 110023,Shanley,333,991.12,330042.96,Kochi
0eba59ce-59c0-45ff-9b1c-f2bfec1146b9,20220312 110023,Neils,590,595.84,351545.60000000000,Hyderabad
36215982-5a5a-45d0-a9a2-764fc7cdfef0,20220312 110023,Dermott,200,531.51,106302,Kochi
387493bd-28b9-4efa-8145-94ccb8b4a421,20220312 110023,Berne,949,557.01,528602.49,Kochi
3c2c98e3-043d-457f-99ab-2c102ff86979,20220312 110023,Valerio,764,642.27,490694.28000000000,Idukki
02a42177-e1ac-4d32-97d5-d0f0d3aeff4f,20220312 110023,Amadas,149,99.38,14807.620000000000,Gurgaon
ba840a8a-bd5b-4aa5-bf8b-e9b2a23565c6,20220312 110023,Alwin,952,582.19,554244.88,Coorg
3681908c-142b-4a67-b14f-622a4640bfc9,20220312 110023,Gilmour,87,252.55,21971.850000000000,Idukki
52fb608b-23ab-4d79-ab55-36ff54437a1b,20220312 110023,Caitlin,986,331.47,326829.42000000000,Idukki
387f7098-917d-4e09-86e5-9a2373df988e,20220312 110023,Alarise,195,226.3,44128.5,Hyderabad
52dcdee2-79f4-4b54-8e2a-af95af5dc35c,20220312 110023,Fancie,583,745.1,434393.3,Kochi
0c48747f-b953-4fa9-b917-95735f993389,20220312 110023,Prouty,98,330.9,32428.200000000000,Hyderabad
1cc07dc8-c87a-4477-9eb9-6e78e02285bf,20220312 110023,Lenny,27,817.97,22085.190000000000,Idukki
32fbe18c-9ccb-4ed8-aeec-8238e27cd6bf,20220312 110023,Jehu,867,589.75,511313.25,Hyderabad
2d174067-631b-4edd-b34b-ce5902dea7ec,20220312 110023,Vastah,202,265.16,53562.32000000000,Hyderabad
9b0165b0-1ca8-4ef7-8ac5-26a1d5822396,20220312 110023,Myrilla,323,474.79,153357.17,Kochi
c9cd1d06-6bed-45ed-9e4e-6fb9f1c10ec2,20220312 110023,Vins,220,998.18,219599.60000000000,Coorg
b37811a0-5e88-4ba0-a1ac-e1ee1637de52,20220312 110023,Cimbura,63,184.83,11644.29,Delhi
cc9e547e-34be-4987-a7e7-af4ffbb023ab,20220312 110023,Hoenack,419,672.23,281664.37,Chennai
251de7d0-61a4-4182-b949-14d2dbc31b97,20220312 110023,Saunderson,263,310.9,81766.7,Hyderabad
3fb60930-5eb0-4267-be43-44ba18fd89f8,20220312 110023,Grobe,57,425.65,24262.05,Idukki
a293f11c-dcf2-4d4e-b690-e605d92abce8,20220312 110023,Hoenack,877,49.18,43130.86,Chennai
9ad3f828-fc9c-467c-96cb-4fce57120153,20220312 110023,Henebry,882,608.76,536926.32,Hyderabad
769dc79b-7b07-4e61-8daf-be5324c1a024,20220312 110023,Hamil,590,720.02,424811.8,Kochi
26e3c0ad-c9c9-45e3-a65b-73cae281c8cc,20220312 110023,Toni,94,145.45,13672.3,Chennai
c82df63c-39b4-42a5-8d6a-9e105d182862,20220312 110023,Penelopa,28,339.81,9514.68,Gurgaon
4d2d9714-dc83-47dd-93c4-628c7b63fc71,20220312 110023,Lucienne,326,662.12,215851.12,Kochi
06916c43-3d34-4245-bd45-3b77301a7a26,20220312 110023,Mendez,819,202.5,165847.5,Coorg
ce4a3d46-086d-4b51-8135-39b8533778e4,20220312 110023,Erlandson,31,701.83,21756.73,Gurgaon
bee15291-ba54-4238-8194-f45cd14bd51c,20220312 110023,Secrest,455,797.58,362898.9,Chennai
599387b8-bfd0-429c-a5ae-5b5af56600cd,20220312 110023,Ariella,42,674.45,28326.9,Hyderabad
ecfcefe0-01b5-40d7-82e6-ed3fc1a94097,20220312 110023,Sherrie,751,505.27,379457.77000000000,Kochi
895289f3-bd67-4029-8f95-4809d5fceac7,20220312 110023,Geffner,119,822.3,97853.7,Chennai
4efc203c-1647-414a-833e-245ffe6374a5,20220312 110023,Raffo,38,23.02,874.76,Hyderabad
cfaaaf53-a40f-4360-b628-038115cdeb3f,20220312 110023,Sasnett,553,673.54,372467.62,Idukki
a25d97aa-4a9e-4f5b-81e5-2442c5632c64,20220312 110023,Velick,612,999.52,611706.24,Hyderabad
51a5df27-7c00-40b1-a808-1f4ce3f34535,20220312 110023,Lilas,602,494.27,297550.54,Gurgaon
782581d2-12a4-4235-ae51-8b7096b076c3,20220312 110023,Claudine,981,275.27,270039.87,Bangalore
1a2f2834-0c5d-4628-8d0b-6822f59a4d92,20220312 110023,Jehu,387,782.98,303013.26,Hyderabad
b37ae99c-8379-40df-9e90-0e137b4e3497,20220312 110023,Maroney,65,628.47,40850.55,Coorg
ae882929-c938-4863-a4f2-28f8aeb21a2d,20220312 110023,Papageno,101,667.68,67435.68,Coorg
bd7f1b20-7b90-44a5-bf93-a1b851240252,20220312 110023,Kress,494,788.91,389721.54,Idukki
83d09889-7a03-48de-a1b2-4dc9efcb305b,20220312 110023,Regan,598,163.61,97838.78000000000,Idukki
e9f442a8-6d0e-4548-948e-06785748d089,20220312 110023,Christal,326,57.78,18836.28,Chennai
e3a92512-bb87-4ac8-9fcd-d097529fcc33,20220312 110023,Bevin,77,381.65,29387.05,Idukki
8e6371d3-b2c8-4c60-ab4f-5f645dec93ff,20220312 110023,Gabrielli,834,412.54,344058.36000000000,Delhi
5f910a6b-3733-4c4a-9c2d-003c6010bbe0,20220312 110023,Azeria,482,104.91,50566.620000000000,Mumbai
cee78e02-fbde-4ea1-a220-8c029f73f30c,20220312 110023,Gaulin,454,99.36,45109.44,Idukki
29fd192f-e7e2-46f9-b440-d88d9bd25f2b,20220312 110023,Narton,107,804.22,86051.54000000000,Chennai
e70ab5ed-9d8d-48b5-8c46-054d87bc4e12,20220312 110023,Tippets,85,223.41,18989.85,Coorg
adb4430e-0fea-4f31-ad64-374294b37fb5,20220312 110023,Hoban,650,578.34,375921,Hyderabad
e481a465-d94e-463c-902f-553f8ca03f2c,20220312 110023,Wiener,375,801.87,300701.25,Mumbai
dedc0b72-0396-4b13-86a1-224931ead6c5,20220312 110023,Ortrude,93,214.14,19915.02,Mumbai
2c4538c4-caa4-477d-bff7-cf5333c75112,20220312 110023,Manolo,936,827.92,774933.12,Idukki
bd767ce7-018f-496c-ac81-03781fec3622,20220312 110023,Schroth,239,44.39,10609.210000000000,Mumbai
32971710-26eb-4c99-a897-c18cfab1199c,20220312 110023,Gombach,485,303.4,147149,Kochi
b5b370e4-ffca-4468-acb7-80b7c97f8d25,20220312 110023,Couture,278,213.59,59378.020000000000,Coorg
c90c8d48-d6d5-45e3-987a-49e1c3c7a8f7,20220312 110023,Roarke,962,452.16,434977.92000000000,Bangalore
d2ba3413-367f-4e6c-85af-465a5d6c8b7a,20220312 110023,Carolin,891,804.86,717130.26,Idukki
c5d36f18-1e5a-4009-bdea-da7667867b90,20220312 110023,Afton,174,522.27,90874.98,Delhi
c3cb5dcc-81f5-4065-86ec-c0092a8f4d8e,20220312 110023,Ramona,335,313.45,105005.75,Coorg
478acca7-4232-48f2-a2dc-191aafd9c33d,20220312 110023,Tryck,435,972.04,422837.40000000000,Hyderabad
0b129240-e4a5-4701-820a-b3a2465735ee,20220312 110023,Lindemann,84,47.95,4027.8,Chennai
417959d1-7471-44bb-b87e-7439f5e23774,20220312 110023,Cleavland,314,306,96084,Bangalore
c84548c8-4614-465a-a9e8-fb3c0831dd72,20220312 110023,Bandeen,564,822.2,463720.80000000000,Kochi
09b82dd9-4019-4569-8bc7-ab2aaaf66b3c,20220312 110023,Liva,693,299.5,207553.5,Idukki
7fa37c91-6ec4-47e6-ae85-63d2b917f319,20220312 110023,Mata,815,562.53,458461.95000000000,Gurgaon
91b811ec-04ab-45f1-b343-e1f6e4d46e1d,20220312 110023,Harday,367,434.81,159575.27,Delhi
d674a5d7-8f84-4fe6-b197-5617ffda1438,20220312 110023,Howlyn,477,478.38,228187.26,Gurgaon
42e051bf-9ac8-4a77-b475-07393cbcc3da,20220312 110023,Burch,402,691.01,277786.02,Mumbai
143eec1a-8685-47a5-8e94-8f0369a27d67,20220312 110023,Redmond,164,979.58,160651.12,Hyderabad
183ee36d-67bb-40b4-a74c-94d152f08c85,20220312 110023,Harriman,697,5.12,3568.64,Kochi
280063bd-4380-4b8e-9173-2116d3a96a3b,20220312 110023,Constancy,103,267.18,27519.54,Coorg
15896fd9-3f0d-47e9-97c2-ca2f6df6e70c,20220312 110021,Darbie,548,831.95,455908.60000000000,Kochi
c774a86c-2126-4c02-b8a4-d56e0b19b82a,20220312 110021,Lunsford,640,474.89,303929.6,Kochi
0dc8dfc3-788d-4544-bc19-951c4fa9f47f,20220312 110021,Colleen,387,145.13,56165.31,Delhi
101348d3-09ea-4531-a19f-12545dd6d1c3,20220312 110021,Kimmie,890,589.11,524307.9,Delhi
0d3dbb33-48b6-4cf4-bf04-0d4fa62f03b4,20220312 110021,Monk,52,377.03,19605.560000000000,Coorg
7b40eaee-c04a-4ad0-bacd-2c44c13f4293,20220312 110021,Nance,15,474.52,7117.800000000000,Bangalore
838b18fe-385a-4d3e-b483-e99c36d10968,20220312 110021,Jorgan,121,147.16,17806.36,Mumbai
1cd0e77a-01f8-40e0-a308-c236b843c8ca,20220312 110021,Brian,988,976.66,964940.08,Coorg
4d1e9141-9cee-4027-8381-4a4aa09ce26c,20220312 110021,Thad,55,74.17,4079.35,Idukki
bb44f240-fe07-4871-a6ad-f6142ae8f2f7,20220312 110021,Primalia,422,385.47,162668.34000000000,Hyderabad
2c5fd824-9d0e-4af7-9f9b-43885de94797,20220312 110021,Baylor,34,224.9,7646.6,Gurgaon
3e2d724c-b87d-4a7e-af64-87934d7dd3b4,20220312 110021,Aaberg,308,681.95,210040.6,Hyderabad
7cd95457-c9ea-447d-a223-325951e1b788,20220312 110021,Joni,215,435.99,93737.85,Kochi
5028f307-df20-4ade-b44d-b4ea74486c4e,20220312 110021,Dearborn,370,276.64,102356.80000000000,Hyderabad
d1579af7-3f6b-424e-8d6c-eda50e9670f7,20220312 110021,Posner,487,391.29,190558.23,Kochi
de040215-e706-458f-b6ef-6d9c54632fd0,20220312 110021,Ellerey,841,637.39,536044.99,Mumbai
37736898-d056-4a97-8950-d3548bb6dc7d,20220312 110021,Glenden,699,385.59,269527.41,Delhi
f6d7a784-a3f9-42ea-9db1-65e09fad2f2f,20220312 110021,Katrine,986,425.01,419059.86,Mumbai
bc4f0174-acdb-4c44-b873-1ae317f94f05,20220312 110021,Euridice,882,417.71,368420.22,Bangalore
104f39b1-ea71-48da-9063-452198e88a40,20220312 110021,Rudolph,84,590.76,49623.84,Bangalore
6eb2bc9e-6d5a-455f-b111-4eb9200f1571,20220312 110021,Harriman,259,344.98,89349.82,Coorg
e37a966c-a039-44c9-a23c-7a3124d8316c,20220312 110021,O'Carroll,185,966.67,178833.95000000000,Idukki
35b9f208-a914-40c6-bf15-9db1b2ca0a1a,20220312 110021,Anderea,153,950.05,145357.65,Chennai
2a26b715-7e91-4dc4-8c8e-379011f6f791,20220312 110021,Amethist,804,122.35,98369.4,Hyderabad
00806d4a-47b7-4705-b0ea-841d8d9821d2,20220312 110021,Revkah,262,421.24,110364.88,Kochi
4caf5479-a7ef-422d-a0fe-00f0f7b098d1,20220312 110021,Mandler,955,442.02,422129.1,Idukki
d173fd8a-e6b9-4ccf-bfd7-13f1d80f582d,20220312 110021,Wareing,53,205.69,10901.57,Mumbai
d471c7f7-2c82-4699-85bb-42f3f2ec39ca,20220312 110021,Lunsford,733,415.32,304429.56,Delhi
a4e4a510-ecf3-437e-8a2f-063c8d06ad7b,20220312 110021,Pulsifer,138,386.44,53328.72,Coorg
4e82d24d-18f8-405b-8008-d90b531b5866,20220312 110021,Tamsky,252,90.8,22881.6,Bangalore
f65a71cd-7f4b-4efc-830e-ea2bca6870da,20220312 110021,Joli,384,387.86,148938.24,Idukki
49fc78b1-8fef-47e1-9649-0a9444890542,20220312 110021,Abbot,830,351.97,292135.10000000000,Gurgaon
f77acaef-4f4f-4ecd-8ac0-60d0777efca1,20220312 110021,Ardra,879,713.81,627438.99,Coorg
6b61ae39-8753-428b-a072-550b07c75711,20220312 110021,Berard,228,32.28,7359.84,Chennai
28fe7a38-9506-48fe-858f-6022cf10c65d,20220312 110021,Llovera,99,822.77,81454.23,Kochi
9fd6b2f8-4883-404d-8196-5bcf9efd552c,20220312 110021,Muriel,664,333.88,221696.32,Kochi
cfc7dd64-e7f0-4255-adf6-4c78fd694d62,20220312 110021,Leary,521,288.94,150537.74,Hyderabad
94bceac2-03bb-4b4e-b5bb-22a9c8fa14c9,20220312 110021,Mauer,773,484.75,374711.75,Chennai
d59207ad-0be2-40c1-8723-340efecd49db,20220312 110021,Oscar,415,382.17,158600.55000000000,Gurgaon
c5d9670e-d510-4464-9325-77ddf53d1b0e,20220312 110021,Parsaye,739,92.08,68047.12,Gurgaon
58f8a026-42ef-4031-823c-34ad398f8067,20220312 110021,Sekofski,269,11.95,3214.5500000000000,Hyderabad
6fe30ec0-a319-4a76-bdd2-5a7f1040c328,20220312 110021,Gower,397,954.69,379011.93,Idukki
ac1721b8-86d8-4ced-8a20-6e8a69783d6a,20220312 110021,Rugen,160,625.57,100091.20000000000,Bangalore
603c9db9-6897-4723-bc86-987b9997a0df,20220312 110021,Smitt,951,65.54,62328.54000000000,Delhi
dc3deadf-68d4-4a92-9a2e-1fe7cc7e3c7f,20220312 110021,Madaih,328,1000.4,328131.2,Bangalore
5f05cee4-778c-4b29-ac01-b10fa9ec33a6,20220312 110021,Garbe,414,389.79,161373.06,Bangalore
48f580ab-2372-424d-b1c8-f7b309a696ae,20220312 110021,Verger,151,375.8,56745.8,Chennai
a356c964-aa97-4985-ba89-3ec38bad9026,20220312 110021,Saint,971,483.74,469711.54000000000,Hyderabad
7b75827e-d7ad-4e33-89f5-47cc488bab2b,20220312 110021,Joeann,814,415.54,338249.56,Hyderabad
3afcfc4e-b41f-403b-895e-46711f2ad178,20220312 110021,Barbey,265,894.44,237026.6,Chennai
0f0c3a2d-6205-4ef0-83dd-dddbd6b9fc39,20220312 100023,Chapland,406,683.94,277679.64,Coorg
8e0ccd77-1c4d-416f-839e-61d36f87e923,20220312 100023,Raul,608,7.02,4268.16,Hyderabad
6a3c8298-b276-4b91-b2a3-13005c2e0644,20220312 100023,Voletta,582,464.63,270414.66,Hyderabad
6b52f22b-abae-4e40-a089-de9d5bc87640,20220312 100023,Emerson,35,434.73,15215.550000000000,Delhi
b5f87524-c9ec-4353-a06b-185d4e573cf2,20220312 100023,Oscar,94,651.94,61282.36000000000,Bangalore
9f45d51d-f78c-4980-a0f6-7dc6c8e0cfae,20220312 100023,Jacqui,900,394.42,354978,Hyderabad
80f6ee50-f9ed-4883-bb2a-38195763096c,20220312 100023,Peonir,531,550.05,292076.55,Kochi
1916af69-6020-46cb-bd01-7522501e74e9,20220312 100023,Dulciana,70,619.72,43380.4,Bangalore
e0698ce5-7f11-4ccf-acfd-36538ddc0531,20220312 100023,Gwenore,759,410.56,311615.04,Kochi
a43dd79e-7b56-4773-bd05-76906b166fb9,20220312 100023,Hollingsworth,466,534.92,249272.72000000000,Mumbai
1a428e96-dec2-43d6-a871-910795f7ec95,20220312 100023,Sasnett,119,98.38,11707.22,Idukki
3132bf21-baca-4af7-b64c-e35b142a7a68,20220312 100023,Adore,710,305.07,216599.70000000000,Coorg
c7366e15-d2b2-45ce-88d9-7037e30cbfd6,20220312 100023,Briney,462,505.36,233476.32,Mumbai
b19b94ff-76f0-46d9-9518-59b5d98228e6,20220312 100023,Uird,842,985.28,829605.76,Hyderabad
1da1fa5e-cc09-410d-a1c8-4e8dfba6de24,20220312 100023,Vernier,816,752.69,614195.04,Chennai
1d4772e6-abfd-48b1-b6b7-4d30f3ad7231,20220312 100023,Hailee,164,64.42,10564.880000000000,Coorg
d41d1b77-a65b-4d6e-9204-839dcd9b8fab,20220312 100023,Nahum,564,379.06,213789.84,Gurgaon
6f3ca216-6b64-4f62-b880-bd273c6d97f2,20220312 100023,Roumell,744,634,471696,Delhi
492a067d-6abb-48cb-9454-d2aab495e29e,20220312 100023,Corabella,541,888.55,480705.55,Hyderabad
e5db6dfd-0067-4068-a10e-d8cb43e713f4,20220312 100023,Gladstone,5,564.65,2823.25,Chennai
3877bff4-e96d-4507-9044-df950d04090d,20220312 100023,LaRue,519,670.28,347875.32,Bangalore
43ea4316-3f66-4c38-92a4-9c7f06fbef97,20220312 100023,Mathilde,246,183.69,45187.74,Kochi
a64602c4-78df-4d5f-8cfa-c70b72f96298,20220312 100023,Dudley,245,496.55,121654.75,Gurgaon
fc3448ca-148a-4eca-9e0e-f268186a0cf2,20220312 100023,Dunkin,67,212.35,14227.450000000000,Delhi
ab2b53a3-4d8f-44c6-a32c-7ab99e53f0e9,20220312 100023,Dom,882,323.53,285353.46000000000,Coorg
02de2c37-e9c8-43d5-ad2e-96fe96ed9461,20220312 100023,Marsden,506,687.74,347996.44,Delhi
184b30eb-8385-4fcd-8376-d83583e7abaa,20220312 100023,Roche,163,404.47,65928.61,Delhi
0dd9215b-affe-4723-a27c-00402cbece5e,20220312 100023,Toffic,631,884.97,558416.0700000000,Idukki
3a862253-e36f-482d-a33a-861e8af61e7f,20220312 100023,Ader,846,180.1,152364.6,Hyderabad
4a165edd-fb5b-4366-83df-cbf5ff3dad40,20220312 100023,Even,24,413.02,9912.48,Gurgaon
6e159cf1-1113-44a6-ab88-12c5d8d00dff,20220312 100023,Anton,118,898.94,106074.92000000000,Gurgaon
91724f0c-44e6-4951-b099-a6ef6d23db70,20220312 100023,Eckblad,803,31.96,25663.88,Idukki
ead9aa0c-f18e-4392-b4b2-157594f20d13,20220312 100023,Hylan,490,477.21,233832.9,Coorg
e32f62a3-b3a2-4ffd-af80-e5bab93b9173,20220312 100023,Lacombe,557,97.55,54335.35,Delhi
5f39b0a1-8ed3-4268-9066-e3fad3f10e33,20220312 100023,Helfand,212,168.24,35666.880000000000,Gurgaon
319bba45-15a8-4581-ac4f-36f638b8738a,20220312 100023,Melony,119,510.12,60704.28,Hyderabad
86b3db9a-3902-426e-93de-b8963e2ceb9a,20220312 100023,Arne,150,562.27,84340.5,Coorg
176dcb1f-48c2-4497-b5f7-8a15f99ecf00,20220312 100023,Seessel,40,80.05,3202,Delhi
a8459e42-ed57-4621-9ff8-531f6fe5e1cb,20220312 100023,Brian,23,812.02,18676.46,Kochi
df414e67-da94-4d0d-a75a-c19daaadf5f4,20220312 100023,Garrison,493,385.85,190224.05000000000,Mumbai
60da1aca-9611-4ff5-b62a-ba05ea400fda,20220312 100023,Jacqui,808,498.06,402432.48,Kochi
188fb510-11e3-451e-a1a5-7925442a04e6,20220312 100023,Cristi,692,807.45,558755.4,Chennai
61fb31f3-89d1-486d-8425-c3f9d2d61013,20220312 100023,Madelene,662,916.44,606683.28,Delhi
281dcd78-0994-47c2-ae22-62407f894fa3,20220312 100023,Nea,946,144.35,136555.1,Bangalore
c759380c-177a-4610-b299-9800b8fca644,20220312 100023,Daniele,858,969.94,832208.52,Hyderabad
8b5a7043-f84c-4a35-b2de-97829027ede1,20220312 100023,Hillel,219,742.68,162646.92000000000,Bangalore
5d4027ea-e9c0-41db-ab3f-f29b3bf9d21e,20220312 100023,Rurik,440,7.66,3370.4,Idukki
7b349d90-fe10-4f3e-ac8e-ccc20e7f9372,20220312 100023,Trinetta,977,676.5,660940.5,Gurgaon
6fc9f0b1-562c-461e-8a09-8b7486fdf12c,20220312 100023,Cimbura,759,805.74,611556.66,Coorg
80336537-479d-4910-b03f-dc5adcd3fbd8,20220312 100023,Drus,742,129.71,96244.82,Hyderabad
732a53be-32a6-432c-913d-d79454ff6a51,20220312 100023,Chapland,380,173.35,65873,Hyderabad
68d5d0df-ceaa-4e7b-b534-74bc4a33e217,20220312 100023,Deny,182,780.63,142074.66,Idukki
cf30f021-ffb3-45a9-83f0-ab8bf58c39b7,20220312 100023,Ilka,789,648.16,511398.24,Hyderabad
f0b1027c-d16c-4f13-8950-40d91f1a2229,20220312 100023,Grimbly,47,56.72,2665.84,Hyderabad
9237fb33-2ed5-4df5-9d07-1789a46f64e6,20220312 100023,Milde,248,622.04,154265.92000000000,Bangalore
42becdc6-a4d4-4b5a-8d3d-bab93c6bc092,20220312 100023,Noman,24,626.45,15034.800000000000,Gurgaon
0ccc8f9a-5c21-4f25-9a75-886f5349cd6f,20220312 100023,Koziara,295,130.12,38385.4,Chennai
17a7872c-7c7e-43de-a511-a24e53aadbe8,20220312 100023,Kress,919,760.56,698954.6400000000,Gurgaon
4a17358f-9ec0-4b9b-a5f9-6ca542140c20,20220312 100023,Eugenia,569,589.35,335340.15,Mumbai
2cb4f158-d539-4911-84ba-8102d2fe5e7d,20220312 100023,Chapland,275,484.56,133254,Idukki
3214c9fe-5b84-45ce-a47f-701fe8b407ba,20220312 100023,Maxi,86,523,44978,Idukki
d5d09009-6ca2-41e3-8daa-8f5d51901524,20220312 100023,Emmy,414,437.23,181013.22,Kochi
dd0d2965-9d13-4294-907d-0ed72ff92d11,20220312 100023,Ruvolo,138,378.73,52264.740000000000,Chennai
25e0dd75-1511-4da0-8090-353bbcc32262,20220312 100023,Bach,814,292.93,238445.02000000000,Coorg
ec41b39c-ad78-4594-aa44-e27ff680becd,20220312 100023,Saint,128,954.27,122146.56,Idukki
b31e29d1-78d4-488b-94a6-eff2a2255b2d,20220312 100023,Alarise,243,907.07,220418.01,Hyderabad
c60d8adf-22ca-4bb3-8e7e-8ac0fd27ccad,20220312 100023,Haerr,533,988.42,526827.86,Kochi
1cea0813-64cc-4bf7-8648-17a1f75ceb11,20220312 100023,Lissi,896,28.72,25733.12,Bangalore
290efc10-2cde-4397-877b-30f7bf013166,20220312 100023,Bartlett,429,944.89,405357.81,Chennai
0522e884-fbda-4943-92cd-5562462b9784,20220312 100023,McGrody,835,540.42,451250.70000000000,Kochi
b7cbd20b-cf7d-409e-8d45-5e911faf2294,20220312 100023,Verger,955,43.41,41456.550000000000,Coorg
aa52961e-1ab7-4a1b-a78e-6b53e91702ac,20220312 100023,Glovsky,163,154.34,25157.420000000000,Bangalore
2d7d16dd-5c01-46d6-b3ee-cc10394b1f56,20220312 100023,Desai,294,25.87,7605.780000000000,Gurgaon
3a7ab420-b4cb-4fb4-89e8-312b635c1100,20220312 100023,Gilbertson,127,236,29972,Chennai
33154df1-c41e-40b4-99da-7a0688991c37,20220312 100023,Turne,158,63.8,10080.4,Chennai
0dc14eae-86b2-497a-94a8-1bda76219e1c,20220312 100020,Primalia,164,290.87,47702.68,Mumbai
32c46f2a-c39c-460b-8635-135cbdcdc957,20220312 100020,Posner,447,877.33,392166.51,Chennai
f74cbf0c-1d3b-4c28-945e-4e800915d805,20220312 100020,Crudden,91,17.92,1630.7200000000000,Idukki
ff364c58-36b6-4f3e-9d55-bb99e925104d,20220312 100020,Celestine,835,546.44,456277.4,Hyderabad
26549a55-8c6b-45f8-9066-e6f0e6195f7a,20220312 100020,Brackely,417,126.93,52929.810000000000,Chennai
a5e1d7f0-fc4d-4109-91a5-e0652c53711e,20220312 100020,Barney,92,584.21,53747.32000000000,Bangalore
98a7c4c7-f919-43fa-92d4-296b6e477547,20220312 100020,Soneson,73,266.91,19484.43,Delhi
90ddbfe6-e77b-4979-bdec-ba14f1689e4c,20220312 100020,Paine,212,135.97,28825.64,Kochi
7dabd3a8-2672-4422-8a7e-edc62dffba94,20220312 100020,Brandice,18,691.17,12441.06,Gurgaon
1e4a4e10-ae3c-41ab-b156-aad5aa854df9,20220312 100020,Middleton,665,147.35,97987.75,Kochi
40b94986-dfdf-43a6-aec2-ae4826df6c86,20220312 100020,Percy,779,363.77,283376.83000000000,Coorg
3fbb4fd8-0f16-427e-b649-c9e933bb38b9,20220312 100020,Riordan,638,891.2,568585.6,Mumbai
6bdc00e3-7e61-404a-959b-40b77ed9dbaf,20220312 100020,Georgy,523,914.59,478330.57,Delhi
1a705ce1-d4b8-4cc0-9df2-612b9d87b29b,20220312 100020,Rugen,978,663.48,648883.4400000000,Delhi
e854135a-0d36-4593-b144-d0b852e24906,20220312 100020,Pond,431,219.45,94582.95,Coorg
200d3620-afbd-4388-a692-0790e7ad67f2,20220312 100020,Linehan,265,350.47,92874.55,Bangalore
67100944-64dd-490b-99e2-4f1ffbdcd152,20220312 100020,Carolin,774,292.12,226100.88,Bangalore
1279f4db-1c5e-46d5-a5bd-0d95edd0dc8b,20220312 100020,Vanni,419,225.23,94371.37,Hyderabad
d09411a9-42b8-438d-9a75-a4103fbac4ac,20220312 100020,Rolf,740,743.06,549864.4000000000,Mumbai
07067804-d1ac-430a-9063-31e5118326aa,20220312 100020,Erich,524,981,514044,Gurgaon
4b238481-3b17-4359-96d1-a7415966b9de,20220312 100020,Karylin,454,391.32,177659.28,Gurgaon
0b7e8b57-cf12-455d-9124-7a23866ca7f9,20220312 100020,Behre,219,331.39,72574.41,Bangalore
c476919e-ed96-4fa8-8943-44d7400419df,20220312 100020,Korey,59,148.58,8766.220000000000,Bangalore
8bfc6ffc-2b0f-4102-af5f-320dc7d19b2a,20220312 100020,Aaberg,221,352.6,77924.6,Bangalore
8240a37f-00f1-4940-88db-1dcda6da5286,20220312 100020,Bury,669,988.29,661166.01,Gurgaon
e2f3fff7-26e5-4ec9-9800-39830d5095e8,20220311 110023,Jagir,479,812.47,389173.13,Coorg
0e127a8d-002b-468b-912c-b28dbc97117a,20220311 110023,Morehouse,730,784.38,572597.4,Hyderabad
1708e8e3-9170-4153-8fc2-fdbd77d5fcde,20220311 110023,Hanleigh,754,241.51,182098.54000000000,Idukki
f173db41-8aab-439a-a733-635696ccafa4,20220311 110023,Fairweather,831,508.57,422621.67,Kochi
15b00b9b-132d-4df7-9de6-b016967cbe03,20220311 110023,Jagir,564,229.99,129714.36,Gurgaon
0f84b818-2964-4faf-9095-4cbd19c10e9b,20220311 110023,Melony,234,767.99,179709.66,Idukki
28e0179b-7349-414d-94c8-45cf11167807,20220311 110023,Dudley,154,698.58,107581.32,Chennai
9ba7c85e-481d-4a34-9ea2-a2d565e7c88a,20220311 110023,Elisha,711,905.31,643675.4100000000,Gurgaon
73637c43-43f8-4ff1-90fb-96e2e947de40,20220311 110023,Vanni,605,424.64,256907.20000000000,Bangalore
2f9280a7-29c8-450c-bf56-92f8fd00292f,20220311 110023,Rooney,229,111.26,25478.54,Mumbai
719be8d2-2353-41cb-9d78-0530cf5353ce,20220311 110023,Elephus,971,255.32,247915.72,Delhi
fea070d1-5eca-4a04-a750-1a9aa6347289,20220311 110023,Drisko,876,939,822564,Gurgaon
6b92c188-7fdc-4000-b8b0-87328d734101,20220311 110023,Cosenza,733,589.95,432433.35000000000,Hyderabad
c1bbaa83-ab81-4189-b155-dc8d7177da06,20220311 110023,Bergman,672,910.05,611553.6,Mumbai
f8a7f4c5-3f41-4b24-b1c6-baa45edb8583,20220311 110023,Atonsah,813,752.65,611904.45,Gurgaon
1ddf3fb0-c9b2-4240-a306-3c4990897fef,20220311 110023,Malanie,929,904.23,840029.67,Delhi
0d8b5754-7efd-4d62-a435-370f35e365f2,20220311 110023,Brieta,480,583.14,279907.2,Kochi
563a8fe5-104d-40e1-8342-bfbca323fe9c,20220311 110023,Kenney,255,223.97,57112.35,Bangalore
83259431-048e-40b1-a960-2f0ec2d72f7c,20220311 110023,Boycey,861,729.31,627935.9100000000,Chennai
ecce6e29-4bc8-4477-be4c-4051d477e990,20220311 110023,Hathaway,663,382.48,253584.24000000000,Coorg
53f69ba5-8210-4af4-93f6-f3cf1958f735,20220311 110023,Kenwood,87,717.65,62435.550000000000,Chennai
b220f2a6-36e4-461d-ade0-4c84e6615f59,20220311 110023,Girardo,904,265.57,240075.28,Hyderabad
f99d9607-c877-47e3-a2ca-b8bb3dbc4909,20220311 110023,Ummersen,723,390.08,282027.84000000000,Mumbai
81fd88d0-c7b0-4451-b5b3-6ec8ab3a3235,20220311 110023,Amethist,119,756.38,90009.22,Coorg
e1b2c59c-f3a5-4681-a31b-ccaea33274c9,20220311 110023,Decato,302,571.54,172605.08,Kochi
be53c7e5-717e-4f77-b447-25f968969ed7,20220311 110023,Latini,621,619.94,384982.74000000000,Gurgaon
c39f2ce1-be36-409a-ab7e-a7bc4ae0abb3,20220311 110023,Alabaster,982,543.33,533550.06,Hyderabad
c8d068ef-ee9f-478e-8505-64ed75d76296,20220311 110023,Leonard,900,866.03,779427,Idukki
89439d93-4bcf-45f7-8507-90c09d598d50,20220311 110023,Maribeth,471,199.82,94115.22,Delhi
ae8b4a19-661b-45ec-a6e8-c6f70ec59667,20220311 110023,Fulmer,773,571.22,441553.06,Delhi
22810ad7-add6-4591-81c1-984368844721,20220311 110023,Othilia,485,394.82,191487.70000000000,Mumbai
71388a2d-5283-4637-9197-2a9e8db29fc8,20220311 110023,Morgun,988,124.13,122640.44,Hyderabad
45e17be7-4443-4d34-bfb6-9d152c2ab9b9,20220311 110023,Cosenza,518,602.66,312177.88,Kochi
ac367a9f-b219-4280-bc0c-9b6832175815,20220311 110023,Helve,969,128.53,124545.57,Hyderabad
2c756e49-78ba-4d67-b893-03a865c3f79a,20220311 110023,Jobi,237,235.03,55702.11,Hyderabad
4541b17e-9d99-4ccb-a7a5-5f4d761bb6fd,20220311 110023,Rossner,185,189.42,35042.7,Mumbai
ba5b4755-a8c5-46dd-ba42-f39b32450332,20220311 110023,Ummersen,401,464.23,186156.23,Bangalore
54a8b509-7de2-4d34-be69-b2b3dad266d1,20220311 110023,Gale,336,99.19,33327.84,Bangalore
424b9e5c-3558-403e-ac1c-eacb9783b1e7,20220311 110023,Douglass,601,215.2,129335.2,Coorg
7d8f9ae7-0ac9-44ef-90ff-5467ff3474af,20220311 110023,Norrie,942,22.02,20742.84,Mumbai
bc64c061-cb69-423f-b6e0-275d7d59e506,20220311 110023,Whiffen,906,900.1,815490.6,Gurgaon
5a57e019-b68a-491d-8762-40e6153e5bc6,20220311 110023,Gaynor,576,402.81,232018.56,Hyderabad
b87088cc-233c-4f70-aef4-948d3666b379,20220311 110023,Sabella,615,159.37,98012.55,Mumbai
55f95dc1-523f-4b22-981c-43e31b55a880,20220311 110023,Warthman,554,422.67,234159.18000000000,Coorg
060b1fff-e025-4d1c-89c4-12c07f9d74fe,20220311 110023,Alwin,97,197.42,19149.740000000000,Mumbai
055712cf-c396-4e2a-94a2-615a62425dc5,20220311 110023,Alwin,42,451.1,18946.2,Kochi
e9dfd5d1-8a6e-40b6-ba53-810b99e97a34,20220311 110023,Darbie,194,182.47,35399.18,Hyderabad
78927003-60e2-42ac-9c6c-116804469bdf,20220311 110023,Penelopa,462,217.73,100591.26,Chennai
dd24acdd-414d-4a9b-8796-11c65874b2cb,20220311 110023,Magdalen,81,565.53,45807.93,Mumbai
b9b6c66a-0253-4572-a071-25121f3dc9a2,20220311 110023,Ilka,970,219.93,213332.1,Hyderabad
315379bc-82e9-4973-90cd-f9e2fd44eb35,20220311 110023,Pitt,798,39.22,31297.560000000000,Idukki
4092274b-9e0f-47a0-8e59-52745e83e3f1,20220311 110023,Ortrude,600,114.07,68442,Gurgaon
b083688a-5066-4e3d-9c7f-9a92e4bb109d,20220311 110023,Bettine,537,739.39,397052.43,Bangalore
aebd00c7-fc09-449e-9d16-0aae67839577,20220311 110023,Baptlsta,279,97.9,27314.100000000000,Bangalore
34db100c-4d6b-4dc1-a94e-1b78bb43132c,20220311 110023,Lewes,607,234.71,142468.97,Idukki
a701763f-3e8a-465d-a7d4-d0b8df4069fd,20220311 110023,Rosette,94,330.18,31036.920000000000,Chennai
7effec0c-dcfe-4c10-94c8-2c675f27ac8e,20220311 110023,Freddi,935,701.57,655967.9500000000,Chennai
e3802180-ea93-44a0-af5d-1452d75965db,20220311 110023,Burnside,482,439.95,212055.9,Gurgaon
aa1946cf-7534-43cd-8709-4cb900ab89c8,20220311 110023,Raul,605,912.53,552080.65,Hyderabad
3485a833-ada1-496d-ac24-9049c3bea911,20220311 110023,Chesna,853,849.04,724231.12,Idukki
52abba9c-bf5c-4563-a399-ad81ca349d0c,20220311 110023,Linehan,266,964.94,256674.04,Coorg
608713cb-8f41-451e-a5a7-590456171d01,20220311 110023,Reneta,252,495.4,124840.80000000000,Coorg
5f7f30c5-80e0-468e-bab8-59b62b6cee73,20220311 110023,Tybald,568,585.29,332444.72,Idukki
1faecd5b-21f4-4582-aa98-901df45f8a1b,20220311 110023,Hermes,339,94.95,32188.05,Mumbai
ae7a5022-20bd-45df-af83-f334e1dd24ef,20220311 110023,Reidar,279,918.67,256308.93,Mumbai
690fb740-2002-4188-89ea-4ecb1376c88b,20220311 110023,Fabiola,180,958.85,172593,Gurgaon
d6965c6b-f1fa-4623-b92c-e034ee79e972,20220311 110023,Reneta,124,351.59,43597.160000000000,Mumbai
18eafe98-0529-4870-99db-0260a2de1b49,20220311 110023,Harl,56,786.26,44030.56,Kochi
c4bf5823-42ab-459c-b85c-27382c6065e6,20220311 110023,Grobe,653,922.22,602209.66,Coorg
4840962b-efb9-40d4-b628-b0eee8869950,20220311 110023,Tound,480,128.62,61737.600000000000,Hyderabad
5e29a9f0-e897-4b7d-be32-93bd5d749996,20220311 110023,Joli,394,568.96,224170.24000000000,Coorg
c87b3b8c-d0c0-4d57-ac5e-b80e7d24ca61,20220311 110023,Rocray,773,821.33,634888.0900000000,Mumbai
4ba03a0f-17fa-464e-ae7f-18c789e89e10,20220311 110023,Elsinore,188,840.37,157989.56,Kochi
f06912d6-b376-4ce8-9d5c-9d8b4a252d83,20220311 110023,Cyrie,106,801.65,84974.9,Chennai
57b2db69-cae0-4595-a0be-93a6dbd1170b,20220311 110023,Raffo,839,161.48,135481.72,Idukki
33d17058-edbb-4925-8bd1-11d1499b7761,20220311 110023,Amethist,779,650.36,506630.44,Bangalore
e272643d-0012-4fa8-8052-ccb4ec666724,20220311 110023,Ciapas,539,685.66,369570.74,Kochi
ee09713a-99f1-4b26-ad6c-f0034258023e,20220311 110023,Margarete,256,897.34,229719.04,Idukki
8b52611f-f317-4fd1-9410-6dce3938084d,20220311 110023,Sallyann,588,967,568596,Kochi
16966200-262f-42e8-9e90-492bf72bd4d4,20220311 110023,Fry,512,488.03,249871.36,Idukki
799cea76-b6fd-4622-a97e-5fa2cb135ffe,20220311 110023,Bronk,110,243.17,26748.700000000000,Chennai
6d87ae83-0609-440f-9abc-260e0145354f,20220311 110023,Yusuk,925,478.31,442436.75,Hyderabad
68b292a4-0ca0-4c85-860a-5c6b52b71f0a,20220311 110023,Cassius,182,846.06,153982.92000000000,Chennai
27dc7fe5-875f-4ac3-92c5-39c0fe95d592,20220311 110023,Katrine,191,111.15,21229.65,Bangalore
7fb9d8bd-91a8-4b75-96c8-acb705d46841,20220311 110023,Goldina,39,292.16,11394.240000000000,Gurgaon
7aba60a5-8df2-40db-a285-ced7ab97d260,20220311 110023,Sholley,130,878.14,114158.2,Gurgaon
60749d2c-4bdc-4dac-8135-dc28c0302af2,20220311 110023,Klemperer,769,119.75,92087.75,Hyderabad
4c6bc0be-19c8-49d6-aa2c-9ef5f967773d,20220311 110023,Marisa,864,784.18,677531.5200000000,Hyderabad
e3dc6711-44a8-4bee-ab0c-b6ccd6def9fc,20220311 110023,LaRue,487,832.41,405383.67,Chennai
84c0ef76-99f4-41fc-823b-8f82eaf73ee1,20220311 110023,Luhe,585,829.63,485333.55,Hyderabad
afb798a7-7010-427b-bf11-bbbe48610c13,20220311 110023,Rurik,854,227.35,194156.9,Gurgaon
e4a96510-a281-4f60-b076-388ae6d6e037,20220311 110023,Baylor,922,879.22,810640.84,Coorg
9b3ccf1c-095a-4516-9922-687a4e01fda0,20220311 110023,Rocray,832,802.99,668087.68,Coorg
3bbc1398-412e-4a13-b63c-275347c2f244,20220311 110023,Riva,501,642.44,321862.44,Gurgaon
8bc90e40-709a-4b38-89ee-94d05a09a170,20220311 110023,Hunfredo,292,409.86,119679.12000000000,Coorg
5427eb73-cd15-49ab-89c7-8011cd08ff1d,20220311 110023,Dosia,143,336.38,48102.34,Bangalore
d28c974f-e9af-442f-87c1-8fee0c0601e3,20220311 110023,Wadell,630,413.26,260353.8,Mumbai
edb29039-80b7-4190-a329-6733da3b420c,20220311 110023,Ethban,495,940.87,465730.65,Bangalore
7357a774-2e5e-434a-a57c-8c1d3262aca2,20220311 110023,Bahr,747,10.38,7753.860000000000,Idukki
aba9bd29-2a6b-4820-9b15-d2216203b66d,20220311 110023,Mott,666,63.96,42597.36,Delhi
4d536af7-df88-49d0-b024-b007f61f23af,20210314 100023,Andrel,744,277.96,206802.24,Idukki
11b20af2-dd6c-4918-955c-4ba3945c92d9,20210314 100023,Ammann,551,247.82,136548.82,Idukki
00d7595a-ca1c-48d7-ac9b-1263aeed12ac,20210314 100023,Casimir,533,39.69,21154.77,Delhi
614671c5-9208-4f42-be9a-40bf2bb054e0,20210314 100023,Rustice,570,167.42,95429.4,Hyderabad
d2335707-0246-42b3-ba5b-597c0fd542f8,20210314 100023,Nickola,481,747.57,359581.17000000000,Gurgaon
215a958c-6344-4671-ab58-a5053c99a6e3,20210314 100023,Carlson,312,195.49,60992.880000000000,Bangalore
9a359f5b-c6b0-47a4-a478-880e196cd57c,20210314 100023,Delp,831,605.31,503012.6100000000,Idukki
184ae306-3301-4dd3-93c5-4a85f7adfbcb,20210314 100023,Chrystel,839,976.14,818981.46,Mumbai
896d6ab5-bbc4-4ed2-b3e1-b753c6aabb03,20210314 100023,Roxanna,668,419.62,280306.16,Kochi
edd47633-5c36-4de7-82ee-ef8eb04ff1d0,20210314 100023,Philipp,685,768.99,526758.15,Idukki
b2f3c1ee-7ad0-48f0-ac25-f8cc13ac7510,20210314 100023,Leary,976,298.73,291560.48000000000,Delhi
d97defaa-e739-477f-afa7-a3ae16d98c09,20210314 100023,Deegan,481,615.37,295992.97000000000,Kochi
5dcc3e89-3af2-4f41-8a0e-d98530fe5740,20210314 100023,Bari,391,113.29,44296.39,Gurgaon
05435c06-da63-4613-91e1-d238ca2765ce,20210314 100023,Hanleigh,580,16.58,9616.4,Delhi
ea92fd77-0cbd-4568-a01c-7f813a928109,20210314 100023,Huggins,396,809.85,320700.60000000000,Hyderabad
70169b64-4c8e-46a7-a124-de5ee7026c6b,20210314 100023,Zina,200,627.02,125404,Idukki
67d0c7e6-f483-4624-a936-01a1b1fe6ad4,20210314 100023,Vale,652,491.48,320444.96,Chennai
569bef26-eb00-482d-bf4b-91a7e65466cb,20210314 100023,Erb,792,849.32,672661.4400000000,Gurgaon
444f5ada-3d08-44ad-8f8b-8ef3fe80192e,20210314 100023,Orelee,616,925.79,570286.64,Bangalore
a9131bfa-964c-4612-a47d-91676f5f1fd2,20210314 100023,Dorine,441,737.54,325255.14000000000,Bangalore
abd9886a-a2d3-44ad-9eb5-4b05444c51ab,20210314 100023,Zamora,731,454.77,332436.87,Mumbai
c094b75c-7694-40fa-a5c8-c5195bd98190,20210314 100023,Suanne,827,826.57,683573.39,Gurgaon
72f66269-ff4f-415f-9760-2f4864467370,20210314 100023,Anastatius,726,340.01,246847.26000000000,Delhi
5d10a9e6-8f9d-4fff-87f8-d3794f258653,20210314 100023,Lilybelle,445,165.9,73825.5,Chennai
4dd5a9a0-a50c-4841-98be-1afbd81b732b,20210312 130021,Hillel,311,791.11,246035.21,Gurgaon
14befb36-4fab-44f1-9247-a8063074631e,20210312 130021,Behre,412,391.49,161293.88,Delhi
f1ca9693-e9f5-45c0-b472-ca16fe1e4018,20210312 130021,Jammal,50,896.6,44830,Idukki
f799e9b7-e0a7-4b5d-b72c-bc494a09381b,20210312 130021,Si,766,548.93,420480.38000000000,Idukki
d7380fbc-ddde-4756-847f-16c7172ad702,20210312 130021,Gower,664,865.24,574519.36,Coorg
f883a6cd-1b63-48c0-8602-c3c412a63865,20210312 130021,Olympium,696,633.9,441194.40000000000,Idukki
7c54de5f-8927-46a8-9860-a24f5707fd27,20210312 130021,Ranjiv,795,598.16,475537.20000000000,Delhi
43ed4173-6814-4695-964c-e6cae5db0fbf,20210312 130021,Syd,703,541.51,380681.53000000000,Mumbai
71563d82-7f2b-4c7e-9a10-8129dbfb63ab,20210312 130021,Flyn,144,628.62,90521.28,Kochi
304f6ec5-cad8-4d32-9b3a-8ba3e37acc4c,20210312 130021,Firmin,896,925.88,829588.48,Mumbai
fb44ffa9-5666-44e5-8c53-a3692d7e5126,20210312 130021,Kolnick,173,920.27,159206.71,Chennai
327e8ce1-25ab-49bf-a885-6ae4657c9f5c,20210312 130021,Old,188,33.51,6299.880000000000,Coorg
60e8e7bf-a8eb-49b1-9944-50229437b4ab,20210312 130021,Holtz,30,623.82,18714.600000000000,Gurgaon
354ac406-76e9-45be-b58f-28a70c3a9c0a,20210312 130021,Kosey,916,956.33,875998.28,Hyderabad
8e248b47-65d9-44f9-ab19-93d792258f03,20210312 130021,Alarise,597,56.47,33712.59,Idukki
58411fe4-37a6-4b5d-b41e-13ffd8248d4c,20210312 130021,August,417,914.04,381154.68,Chennai
3e7f2121-9136-46db-8950-109a239a9276,20210312 130021,Giff,185,104.79,19386.15,Bangalore
99c771bd-351a-49ae-b58c-92f587965cf7,20210312 130021,Dalli,739,51.68,38191.52,Kochi
8311beac-d2c4-461b-b122-0af0510d0107,20210312 130021,Vins,795,356.35,283298.25,Coorg
5530bc21-8db1-4fdf-830b-93269c332e99,20210312 130021,Goerke,140,945.66,132392.4,Hyderabad
25e51125-e684-4a77-b9d7-bbafcf2b00ba,20210312 130021,Donell,650,261.01,169656.5,Hyderabad
e460f0d4-d2a0-48c7-8c63-afb13e1980d8,20210312 130021,Rugen,766,143.72,110089.52,Hyderabad
60a4b1b8-a104-42c4-ab47-034cefdffc80,20210312 130021,Blase,474,313.1,148409.40000000000,Delhi
26b74947-4c2e-4661-a678-b422203889ec,20210312 130021,Riordan,446,265.73,118515.58,Hyderabad
325dcc5a-d071-4636-a360-ac383e7f3f7a,20210312 130021,Artie,141,726.7,102464.70000000000,Mumbai
ade45d23-7145-4b42-8b0f-0b0f3e5a3217,20200312 120022,Vorster,599,924.42,553727.58,Bangalore
636becf7-ed70-4982-89ca-5aca4a2bd63a,20200312 120022,Stav,664,190,126160,Hyderabad
1171a32f-816b-4622-a6fa-0a750357c37a,20200312 120022,Woodberry,382,514.13,196397.66,Kochi
403c2a55-4fdc-4029-8830-c052f8c44c6d,20200312 120022,Howlyn,454,794.66,360775.64,Delhi
5ab9c597-cc3f-476a-9a52-341c74b9428d,20200312 120022,Belanger,509,669.8,340928.20000000000,Gurgaon
c32cc36c-a792-457a-85e2-753f832c78d4,20200312 120022,Jotham,913,359,327767,Coorg
f1ffbfa3-f08d-4121-8579-fe35859a897f,20200312 120022,Lilybelle,265,717.38,190105.7,Gurgaon
981ba84a-8f3e-40cd-9b8d-3b4502ff1148,20200312 120022,Sallyann,857,467.33,400501.81,Idukki
64304d25-7b03-4fdf-bb3d-fde6547287a9,20200312 120022,Narton,829,445.08,368971.32,Hyderabad
92ec2ef2-c124-41ad-ad56-74689beaa4ce,20200312 120022,Waldron,987,768.28,758292.36,Hyderabad
ebd9e284-186d-4262-b125-6a3f4bc5e944,20200312 120022,Leler,521,67.18,35000.780000000000,Chennai
16a4668c-e244-4212-8414-ef9ef68af831,20200312 120022,Bouchard,340,14.57,4953.8,Gurgaon
082c95c5-b805-4a8c-b05c-8dcf1e4b4c5a,20200312 120022,Maiah,535,441.73,236325.55000000000,Coorg
f85c1157-d086-40dd-8258-d02316548df4,20200312 120022,Kenney,194,171.8,33329.200000000000,Kochi
a3eb9cb2-3857-4627-9144-366980601516,20200312 120022,Rolf,147,250.23,36783.81,Coorg
b8d25156-7f7e-422c-81a8-a843ea66df1c,20200312 120022,Khorma,197,694.09,136735.73,Hyderabad
654745c5-8231-4e4f-88a9-e45509f3ec4b,20200312 120022,Clie,683,315.1,215213.30000000000,Chennai
426a72af-f1d3-4731-ba30-7be16f3766bf,20200312 120022,Kannry,988,367.81,363396.28,Idukki
fa52e872-13a8-45fd-b9b9-37cd71e146b6,20200312 120022,Maiah,600,774.95,464970,Mumbai
75422df0-d9fe-42cc-a859-a81acc46b3da,20200312 120022,Reneta,610,395.32,241145.20000000000,Coorg
79045c94-dce8-43d7-99a5-9ac690d21ab5,20200312 120022,Raseda,792,796.7,630986.4,Coorg
7dcac15b-2b6a-4065-9dcb-b64cbd01c149,20200312 120022,Naashom,73,101.09,7379.570000000000,Bangalore
3009f053-5a3e-40b3-92ac-b1ee3b262240,20200312 120022,Hourigan,361,274.56,99116.16,Bangalore
4131fdd2-a039-45c2-8911-ea7631b9ad8a,20200312 120022,Sasnett,39,77.03,3004.17,Bangalore
dd07ff25-9fc6-4ef8-8b31-c95048faa93b,20200312 120022,Anselmi,534,790.2,421966.80000000000,Kochi
96f8ef68-1279-48d0-96df-37cb5fb8d56d,20190312 100020,Harned,587,710.51,417069.37,Coorg
4a056a5b-cbdd-4908-9278-3c575f3ed584,20190312 100020,Hortensia,637,616.75,392869.75,Bangalore
c94f910f-72ea-425f-aa0e-ead86eb17354,20190312 100020,Leopold,922,135.05,124516.1,Delhi
ebe6c658-8806-42d0-8a98-7465c8a8e9c0,20190312 100020,Judye,286,552.27,157949.22,Bangalore
b6524ab1-eccf-4e0a-96f4-58a8aceabe8c,20190312 100020,My,932,937.14,873414.48,Kochi
10b6a370-ab16-45e8-a2e9-edbde634ef38,20190312 100020,Lymann,560,611.13,342232.8,Mumbai
6af814ff-9f3e-44c1-a305-76dd7613d518,20190312 100020,Khorma,412,690.78,284601.36,Coorg
13c8d0ed-9333-49b7-ba5c-cf1b0462cc8e,20190312 100020,Janith,744,441.58,328535.52000000000,Bangalore
b2530a35-1998-4150-8142-7c40b1a11b34,20190312 100020,McCutcheon,180,352.66,63478.8,Chennai
12de959c-a2e1-4f03-b914-ca9803b84a10,20190312 100020,Weitman,676,661.32,447052.32,Bangalore
396d5a71-ecc8-4f3f-93b8-611df39fb531,20190312 100020,Sinegold,505,974.44,492092.2,Kochi
429b3ad6-1e77-4dde-a21e-adda7bed0e2e,20190312 100020,Jacinda,313,295.22,92403.86000000000,Coorg
5e7fd1f7-9765-43bd-99bf-59e43d51c2a5,20190312 100020,Sinegold,272,920.01,250242.72,Mumbai
ddeb4f29-74af-4fbc-8a67-296308359541,20190312 100020,Greyson,402,887.17,356642.34000000000,Chennai
c6e0ee67-d236-4beb-bc76-b6b55feb66b1,20190312 100020,Valerio,713,993.16,708123.08,Mumbai
40f44d2e-91fc-4ca8-b105-c7417093451d,20190312 100020,Torray,871,146.26,127392.46000000000,Idukki
7a0f5993-a3be-4b28-bd8b-bd9d39494959,20190312 100020,Nunci,45,555.14,24981.3,Delhi
937bda79-4031-4863-b103-8706d22d312f,20190312 100020,Annice,18,589.61,10612.98,Coorg
f4bf520b-b4fa-443a-88f8-1c5afbd45cfb,20190312 100020,Wareing,402,594.1,238828.2,Bangalore
8a4dc3d6-03ab-49d9-b222-014488e893a0,20190312 100020,Lilas,69,833.83,57534.270000000000,Kochi
e0c770c4-f45c-4385-8930-a751ed35f2ea,20190312 100020,Chesna,195,65.49,12770.55,Gurgaon
4a582b3f-4f42-4ae8-a434-6ff0cd516c8a,20190312 100020,Edee,394,979.01,385729.94,Mumbai
66bcd50f-2a34-491e-91e8-2faa25dfaa21,20190312 100020,Pond,162,779.43,126267.66000000000,Mumbai
5d021886-5fb1-4c19-bf70-fb07c2770430,20190312 100020,Halla,430,98.87,42514.1,Hyderabad
b0c4771f-96ef-44e8-970a-2956ff29c918,20190312 100020,Suk,882,331.74,292594.68,Mumbai
a984f503-7ae9-45e3-84e6-2405ed46df2c,20170314 110223,Tound,89,676.61,60218.29,Idukki
e3f7cf19-403f-4e95-ae19-a65ecc39ad3a,20170314 110223,Buttaro,633,180.33,114148.89000000000,Bangalore
147c313e-dda1-41b9-adf9-c99b05a7bade,20170314 110223,Kosey,166,205.84,34169.44,Hyderabad
5cad7e54-833a-4702-beb5-c0e30e529ed6,20170314 110223,Fancie,989,267.74,264794.86,Hyderabad
ba872f30-a5c3-4ebd-970e-8152b2a3fca2,20170314 110223,Vins,666,673.16,448324.56,Coorg
660c2fa8-c6d0-446d-8fe9-e2d9d6953973,20170314 110223,Drus,413,40.02,16528.260000000000,Coorg
d2a5b0de-9c1d-4fe4-84e0-6cb3173fc643,20170314 110223,Adlare,548,825.27,452247.96000000000,Coorg
c0696cab-b89b-4d0b-b4f8-6109692a41c9,20170314 110223,Concha,938,575.01,539359.38,Gurgaon
7b789285-005d-4975-8a0d-76fd51947314,20170314 110223,Merat,208,250.99,52205.92,Idukki
af100576-17ab-4af1-9aa6-510cc8d780af,20170314 110223,Buttaro,42,138.7,5825.4,Hyderabad
78ea6229-e8d8-4292-a228-6d51e0496284,20170314 110223,Loring,178,212.69,37858.82,Coorg
dc78286e-7861-4e45-9c21-253368f8fa68,20170314 110223,Haymes,618,888.91,549346.38,Bangalore
c45377d2-8aa3-4eea-be31-e895ca9ea2f4,20170314 110223,Hedve,810,881.1,713691,Hyderabad
1de361d8-5e77-4200-88fd-86ec7d16d91e,20170314 110223,Toor,281,896.42,251894.02,Kochi
256f35b7-d45d-4ceb-9a9d-2bb6b740c528,20170314 110223,McClimans,950,991.52,941944,Delhi
10ea3475-d60f-4c45-bfd0-090c54c37c0a,20170314 110223,Hirsch,456,524.41,239130.96,Gurgaon
0f714b59-ef8c-4a1c-93f3-957b945e83a5,20170314 110223,Rheingold,450,899.34,404703,Delhi
0cbca47e-a681-476d-97cc-0f5812ac3694,20170314 110223,Olin,529,911.9,482395.1,Delhi
885da228-cca4-4a9e-bf0e-ff568eab17f5,20170314 110223,Marlie,64,994.43,63643.52,Bangalore
3e1ef2e4-b194-4617-9723-b766e0619acc,20170314 110223,Arquit,973,596.64,580530.72,Idukki
817752ff-ecbb-4868-9845-11777cf10724,20170314 110223,Weitman,785,359.15,281932.75,Kochi
0ca05371-e962-4de3-b932-cdb1d361b021,20170314 110223,Bandeen,351,491.46,172502.46,Hyderabad
03040af9-e2e4-48ae-94db-5519f8239be9,20170314 110223,Francyne,973,266.99,259781.27000000000,Delhi
bcc74593-4a4c-43eb-b238-74430f2ad3f5,20170314 110223,Celestine,193,869.26,167767.18,Hyderabad
56a393fe-46de-4778-8fd0-87ef7dab6dc7,20170314 110223,Torray,312,587.76,183381.12,Delhi
f60a2a56-4620-4a93-bcd7-c1aa630cae66,20170314 110223,Fleeta,96,344.48,33070.08,Gurgaon
fdfde869-ab0d-44c9-919d-4f38d25f1f32,20170115 091230,Agle,407,404.96,164818.72,Hyderabad
a5e73867-d290-44a5-8c08-bc14eb466724,20170115 091230,Hashim,117,903.86,105751.62,Bangalore
6bd4f046-5f6f-4a53-b82b-2c2fb72182fa,20170115 091230,Read,867,139.19,120677.73,Kochi
04fb3c4c-8d37-4d0e-89e7-a0bf75790815,20170115 091230,Codding,241,735.82,177332.62000000000,Hyderabad
ac7beb82-297d-4adc-ad12-6f70e14f473b,20170115 091230,Hull,934,176.45,164804.3,Delhi
f3f79723-557f-4116-93c6-cee405215d77,20170115 091230,Shaddock,370,280.51,103788.7,Idukki
f6e4d718-b134-4f48-8189-919a97699bfa,20170115 091230,Emerson,130,519.01,67471.3,Chennai
a35de34e-dd96-4e27-82fc-d38f4d162162,20170115 091230,Hewitt,424,808.44,342778.56,Hyderabad
1315f684-6ec1-465c-8734-2311aa3856c1,20170115 091230,Virgin,807,282.62,228074.34,Kochi
6048c162-9a75-4951-aea7-bef248a61883,20170115 091230,Karna,511,900.3,460053.3,Idukki
3566c826-a104-4dec-ae45-a11d90145057,20170115 091230,O'Carroll,407,666.01,271066.07,Kochi
5a9bd59d-31ad-467e-adf5-b93432a425e0,20170115 091230,Vary,546,63.98,34933.08,Chennai
2f7b58b5-04e4-454a-996e-90d55a0aa3d4,20170115 091230,Halla,307,17.18,5274.26,Kochi
848d8878-0bee-4b3c-87fc-2084721516ac,20170115 091230,Robertson,56,485.97,27214.32,Hyderabad
321faeb4-33d4-4819-abf6-0b975ecebaf3,20170115 091230,Nahum,884,108.04,95507.36,Delhi
57d65c17-597f-4cc0-9e51-943c83a227c9,20170115 091230,Burkle,686,913.53,626681.58,Coorg
726e21ae-7b6f-4f53-aa1e-e83aeb5b3146,20170115 091230,Fabiola,738,260.7,192396.6,Mumbai
d58fde8f-72dc-47fe-a8d3-abf18cffc157,20170115 091230,Helve,997,153.8,153338.6,Chennai
5dd9e0f1-a650-4aae-8b38-65a980337596,20170115 091230,Keily,670,83.31,55817.700000000000,Coorg
6e550f0e-f24d-4e76-b418-0e197c5f293d,20170115 091230,Genna,874,763.24,667071.76,Delhi
a3ca4d30-f5ee-4782-8d36-f892a77b15a9,20170115 091230,Fredi,577,387.83,223777.91,Chennai
ed850e3b-0369-48cf-b652-a429e0240020,20170115 091230,Fry,678,7.18,4868.04,Delhi
fa739f57-cbf3-4ca6-9802-6cacb2e700dd,20170115 091230,Hazlett,664,429.5,285188,Gurgaon
18abe703-152a-4773-827c-027c6059626b,20170115 091230,Tacye,12,526.65,6319.800000000000,Coorg
1d07a6fe-7122-4b03-8757-2d3cd90d5a14,20150313 130023,Wiener,233,141.39,32943.870000000000,Kochi
fe7f4eeb-39a7-44c8-98e8-2cd8bbefd147,20150313 130023,Minetta,390,920.58,359026.2,Kochi
b1a3b2f9-d42c-4c8c-bc94-5731bfefb51d,20150313 130023,Madelene,226,937.8,211942.8,Bangalore
93698563-e8cf-4d2d-a999-d23b26b81e10,20150313 130023,Cavan,351,507.55,178150.05000000000,Idukki
88d07515-4253-4416-a5b9-aad8b69a85f1,20150313 130023,Behre,3,654.18,1962.54,Hyderabad
e519175e-4f04-4ac1-a674-114ff93b2121,20150313 130023,Sasnett,2,384.16,768.32,Idukki
b5efbc2d-8b66-4ad1-aad7-48940d6816ec,20150313 130023,Konyn,301,453.19,136410.19,Mumbai
c0d536fb-e02f-4d5f-9508-f3ef51fa7f08,20150313 130023,Maurine,534,56.5,30171,Mumbai
d70596fe-7c64-42e1-b2dc-ce380fb2d92c,20150313 130023,Beebe,303,371.9,112685.7,Delhi
8e33b42d-ac03-4132-bf17-d77420f44da4,20150313 130023,Modie,739,654.51,483682.89,Bangalore
d69a39e9-6bdc-4a47-ba4a-ddc127ab2e16,20150313 130023,Zeeba,774,856.09,662613.66,Chennai
ea378158-f69a-4e0e-b5b3-440bafc1f5d7,20150313 130023,Armanda,992,965.93,958202.5600000000,Gurgaon
4e84c1b0-0171-4e47-b23d-13600f81b59e,20150313 130023,Mandler,96,716.43,68777.28,Bangalore
7d28508c-46c7-4304-86d0-2afa5db1cddd,20150313 130023,Penelopa,520,468.54,243640.80000000000,Bangalore
b0c6da86-7877-43f0-95de-3d1edfbbfcb5,20150313 130023,Harl,592,83.01,49141.920000000000,Gurgaon
53bb4bbc-9502-4224-8422-7020c45711c6,20150313 130023,Emanuel,363,548.3,199032.9,Mumbai
e3eb74e9-add2-461f-91d7-52482bb28e43,20150313 130023,Persse,466,972.58,453222.28,Coorg
7557a496-a1b7-46e0-8221-df947a88329f,20150313 130023,Mandler,849,693.01,588365.49,Delhi
acb276b1-ca9e-40e5-bf16-bb5bac138ce2,20150313 130023,Pettiford,259,818.45,211978.55000000000,Kochi
83d009ad-8c06-49ff-adb5-0dd2a9e2c96b,20150313 130023,Abram,412,15.24,6278.88,Mumbai
7010de87-6890-4fa0-81d1-1575fdc6a693,20150313 130023,Palocz,706,593.12,418742.72000000000,Mumbai
2c8e41ec-be15-4978-9297-d68b44f46440,20150313 130023,Sherrie,95,522.25,49613.75,Gurgaon
fd9baf61-e972-43dd-b3fe-cb92101c9d48,20150313 130023,Liebermann,772,516.39,398653.08,Idukki
4bf3b267-4a66-48b9-80b4-fd82206afae4,20150313 130023,Liebermann,853,949.6,810008.8,Chennai
fb6b3cd5-56c4-49cf-8e5b-d21d6a843eca,20150313 130023,Tacye,86,216.68,18634.48,Coorg
db955b5a-6c41-438b-85e8-ee1d18d57d51,20121011 071025,Hamil,991,446.78,442758.98,Hyderabad
aae02d19-fbb9-4252-b918-bcaf49173016,20121011 071025,Hashim,463,347.98,161114.74000000000,Coorg
070496cd-d146-4723-93f3-12797fa0a2ef,20121011 071025,Norvol,387,562.97,217869.39,Hyderabad
e87f79bd-013f-4867-89b6-c54ed944df87,20121011 071025,Kosey,523,217.83,113925.09000000000,Gurgaon
a95f3860-106b-4184-aa33-ba44f93144bb,20121011 071025,Nisbet,621,987.58,613287.18,Hyderabad
6cddc514-2255-4c77-9990-7fe076aa32c5,20121011 071025,Mullane,427,699.74,298788.98,Idukki
aad33d26-b518-4f43-a535-abd9785bca26,20121011 071025,Sibyls,214,563.93,120681.02000000000,Chennai
cc27df43-a7d5-43c6-940e-b5ae0199e41c,20121011 071025,Goth,19,90.02,1710.3800000000000,Hyderabad
082957b4-3dd9-4e6f-acbc-303d55e9febf,20121011 071025,Trinetta,915,649.61,594393.15,Gurgaon
3615a6dc-7f32-4f37-b17d-396bfb467748,20121011 071025,Braun,478,926.27,442757.06,Chennai
39854116-3f33-4635-847d-b04dc8e82429,20121011 071025,Jeanne,84,683.57,57419.880000000000,Idukki
fa12e79e-6937-48dc-91b1-9568d68d6d3f,20121011 071025,Alexandr,32,470.94,15070.08,Chennai
4542e761-7e22-469b-bb13-e9611b45c4e3,20121011 071025,Jotham,17,686.87,11676.79,Gurgaon
3c6c036c-a0ec-43ee-bb97-5f5b18c8297a,20121011 071025,Pip,210,329.14,69119.4,Delhi
5e70c788-4840-4554-8b03-e1c5613fdb18,20121011 071025,Tjon,686,280.69,192553.34,Kochi
efc7b79c-2cf0-44aa-bec0-a940612b2d9a,20121011 071025,Tippets,558,558.33,311548.14,Delhi
47dc50c9-af01-4688-92dd-1c49847d2293,20121011 071025,Eugenia,733,281.14,206075.62,Delhi
b9ee0725-be31-45c5-8fc8-3529872cb6d7,20121011 071025,Cherianne,145,992.89,143969.05,Mumbai
bf2f0fc5-54ab-4358-b988-692048023ea1,20121011 071025,Sasnett,424,708.56,300429.44,Kochi
7d788422-764d-4408-9cc6-bcb76fd3bc76,20121011 071025,Pacorro,187,821.94,153702.78,Gurgaon
ecea71b1-d3b9-42f0-b8fc-3a7529f958ce,20121011 071025,Izaak,462,361.6,167059.2,Hyderabad
4873e252-8b9e-47da-aa1d-4df49492e6a1,20121011 071025,Hylan,396,719.04,284739.84000000000,Delhi
f3d1db8a-c2dc-4f20-a12e-2c6415e021db,20121011 071025,Phi,760,701.1,532836,Delhi
cbd7183b-dbc7-4d0c-87e8-1397830a05a3,20121011 071025,Sheedy,35,245.21,8582.35,Mumbai
ee54da08-23c5-4c48-afc3-2509ad8cf1f8,20121011 071025,Mitzi,960,283.17,271843.2,Coorg